boro,Name_Proper,maintenance_funding,private_funding,ACREAGE
Queens,"""Uncle"" Vito F. Maranzano Glendale Playground",9507,0,1.15
Brooklyn,100 Quincy Street Community Garden,0,0,0.05
Brooklyn,100% Playground,36746,0,1.62
Manhattan,11 Bc Serenity Garden,5,0,0.05
Manhattan,110th Street Block Association Garden,130,0,0.05
Manhattan,117th St Community Garden,0,0,0.08
Manhattan,132 St Block Association Park,154,0,0.17
Bronx,138th St. Community Garden,0,0,0.4
Manhattan,14 Honey Locusts Park,1675,0,0.3
Bronx,176th Street Community Garden,0,0,0.21
Queens,225 Street Malls,299,0,0.4
Brooklyn,400 Montauk Av Block Assn,0,0,0.09
Bronx,5 Borough Shops,164784,0,1.33
Manhattan,5th St Slope Garden,117,0,0.1
Brooklyn,61 Franklin St Garden,0,0,0.04
Manhattan,6Bc Botanical Garden,5,0,0.18
Manhattan,6th St And Ave B Community Garden,121,0,0.39
Brooklyn,700 Decatur St Block Association,0,0,0.12
Bronx,811 Family And Friends Garden,0,0,0.06
Queens,97th Street Block Association,3913,0,0.06
Manhattan,9th St Community Garden Park,365,0,0.48
Brooklyn,A Better Community Garden,0,0,0.19
Manhattan,A Philip Randolph Square,7711,0,0.07
Bronx,A. Badillo Community Rose Garden And Park,117,0,0.27
Queens,A.R.R.O.W. Field House,490,0,0.29
Manhattan,Abc Playground,7089,0,0.45
Manhattan,Abe Lebewohl Park,2238,0,0.16
Manhattan,Abe Lebewohl Triangle,1667,0,0.01
Brooklyn,Abe Stark Skating Rink,2195,0,8.81
Bronx,Abigail Playground,9407,0,0.53
Manhattan,Abingdon Square,4834,0,0.22
Manhattan,Abraham Lincoln Playground,53351,0,0.99
Manhattan,Abyssinian Tot Lot,7163,0,0.12
Manhattan,Adam Clayton Powell Jr. Malls,12077,0,1.68
Brooklyn,Adam Yauch Park,8540,0,1.36
Bronx,Admiral Farragut Playground,5455,0,1.36
Queens,Admiral Playground,5903,0,0.76
Brooklyn,Admiral Triangle,5297,0,0.43
Staten Island,Aesop Park,8418,0,0.91
Bronx,Agnes Haywood Playground,6045,0,1.32
Manhattan,Ahearn Park,2232,0,0.09
Brooklyn,Aimee Triangle,1586,0,0.11
Queens,Al Stabile Playground,7470,0,0.49
Queens,Alameda Malls,1365,0,0.55
Brooklyn,Albemarle Playground,21738,0,0.54
Brooklyn,Alben Triangle,1654,0,0.01
Manhattan,Albert Capsouto Park,7214,0,0.37
Brooklyn,Albert J. Parham Playground,52667,0,1.25
Queens,Alexander Grey Triangle,156,0,0.01
Manhattan,Alexander Hamilton Playground,22913,0,0.81
Bronx,Alexander's Alley,3779,0,0.11
Manhattan,Alfred E. Smith Playground,16753,0,1.75
Staten Island,Alice Austen Park,23391,0,15.52
Manhattan,Alice Kornegay Triangle,24053,0,0.88
Brooklyn,All People's Church Of The Apostolic FaithCommunity Garden,0,0,0.06
Manhattan,Allen Mall One,10988,0,1.7
Bronx,Allerton Playground,14438,0,1.6
Queens,Alley Pond Park,342768,0,665.49
Manhattan,Allied Productions/Le Petit Versailles,5,0,0.03
Staten Island,Allison Pond Park,11201,0,9.2
Queens,Almeda Playground,7720,0,1.43
Brooklyn,Amboy Neighborhood Center,0,0,0.39
Bronx,Ambrosini Field,22058,0,6.1
Manhattan,Amelia Gorman Park,7605,0,1.89
Brooklyn,American Heart,0,0,0.05
Brooklyn,American Playground,34806,0,0.9
Queens,American Triangle,21677,0,0.01
Brooklyn,American Veterans Memorial Pier,12317,0,3.17
Brooklyn,Amersfort Park,7972,0,3.56
Queens,Ampere Playground,26579,0,1.32
Staten Island,Amundsen Circle,5126,0,0.92
Brooklyn,Anchorage Plaza,2305,0,2.2
Manhattan,Andrew Haswell Green Park,12234,0,1.98
Queens,Andrews Grove,10823,0,0.52
Brooklyn,Andries Playground,16766,0,0.96
Bronx,Angie Lee Gonzales Garden,0,0,0.13
Manhattan,Anibal Aviles Playground,13185,0,0.52
Staten Island,Annadale Green,6861,0,0.3
Queens,Annadale Playground,23865,0,1.01
Manhattan,Annunciation Playground,14074,0,1.24
Bronx,Aqueduct Walk,52941,0,8.61
Bronx,Aqueduct Walk,5215,0,4.93
Brooklyn,Arbor Place,580,0,0.07
Staten Island,Arbutus Woods Park,182,0,2.65
Bronx,Arcilla Playground,13906,0,1.38
Staten Island,Arden Woods,5689,0,145.94
Staten Island,Arrochar Playground,6244,0,0.89
Queens,Arverne Playground,7959,0,0.99
Queens,Ashmead Park,1264,0,0.27
Manhattan,Asphalt Green,8176,0,4.35
Brooklyn,Asser Levy Park,51064,0,21.04
Manhattan,Asser Levy Playground,23057,0,2.44
Queens,Astoria HealthPlayground,6988,0,0.21
Queens,Astoria Heights Playground,12924,0,2.2
Queens,Astoria Park,201780,3300,59.96
Queens,Athens Square,55078,0,0.93
Brooklyn,Atkins Gardeners,39,0,0.07
Queens,Auburndale Playground,4382,0,0.69
Manhattan,Audubon Playground,27251,0,0.66
Manhattan,Augustus St. Gaudens Playground,43311,0,1.52
Staten Island,Austin J. Mcdonald Playground,5640,0,1.35
Brooklyn,Avenue R Mall,954,0,0.26
Queens,B.C.C.A. Mini-Park And Garden,0,0,0.09
Brooklyn,Badame Sessa Triangle,4199,0,0.07
Bronx,Bailey Playground,31260,0,3.53
Queens,Baisley Pond Park,163540,0,109.61
Brooklyn,Banneker Playground,15943,0,1.67
Brooklyn,Bar And Grill Park,1740,0,0.49
Queens,Barclay Triangle,1016,0,0.05
Bronx,Barnhill Square,2197,0,0.01
Brooklyn,Barone Triangle,854,0,0.15
Staten Island,Barrett Park,260,0,8.11
Staten Island,Barrett Triangle,4988,0,0.16
Bronx,Barretto Park,10612,0,0.12
Bronx,Barretto Point Park,33299,0,12.22
Queens,Barrier Playground,22280,0,0.87
Bronx,Barry Plaza,4693,0,0.09
Brooklyn,Bartel-Pritchard Square,28648,0,1.71
Brooklyn,Bartlett Playground,42746,0,1.03
Manhattan,Baruch Playground,14077,0,2.32
Brooklyn,BathBeach Park,17642,0,2.96
Bronx,Bathgate Playground,12536,0,2.5
Brooklyn,BathPlayground,14117,0,1.16
Manhattan,Battery Park City,6084,0,28.43
Manhattan,Battery Park City,0,0,1.56
Queens,Bay Breeze Park,130,0,3.43
Queens,Bay Terrace Playground,16875,0,0.91
Queens,Baybridge Green,780,0,0.32
Queens,Bayside Fields,7051,0,2.69
Queens,Bayside Playground,4707,0,1.21
Queens,Bayswater Park,91307,0,40.07
Brooklyn,Bayview Playground,9325,0,1.21
Staten Island,Bayview Terrace Park,13,0,16.94
Queens,Beach Channel Park,2190,0,12.62
Queens,Beach Channel Playground,6899,0,1.05
Bronx,Beanstalk Playground,7299,0,0.27
Brooklyn,Beattie Square,5599,0,0.01
Bronx,Beatty Plaza,5425,0,0.1
Brooklyn,Beaver Noll Park,3293,0,0.44
Staten Island,Bedford Green,2080,0,0.11
Brooklyn,Bedford Playground,16927,0,1.
Bronx,Behagen Playground,37987,0,3.35
Queens,Bell Malls,4704,0,1.65
Bronx,Bell Tower Park,1264,0,0.5
Queens,Bellaire Playground,28864,0,0.81
Queens,Bellerose Playground,11414,0,1.
Manhattan,Bellevue SouthPark,36004,0,1.59
Bronx,Belmont Playground,29197,0,2.21
Brooklyn,Belmont Playground (Brooklyn),10173,0,0.68
Queens,Belt Parkway,25,0,202.65
Brooklyn,Belt Parkway/Shore Parkway,3503,0,760.43
Queens,Belt Parkway/Shore Parkway,3503,0,760.43
Bronx,Benjamin Gladstone Square,6847,0,0.2
Manhattan,Bennett Park,35763,0,1.8
Manhattan,Bennett Rest,325,0,3.57
Queens,Benninger Playground,10799,0,0.57
Brooklyn,Benson Playground,26066,0,0.93
Brooklyn,Bensonhurst Park,228093,0,17.5
Brooklyn,Bergen Beach Playground,1773,0,0.93
Bronx,Bergen Triangle,6684,0,0.21
Brooklyn,Berry Playground,6610,0,0.33
Brooklyn,Berry Street Garden,234,0,0.14
Brooklyn,Betsy Head Park,83769,0,10.56
Bronx,Bicentennial Veterans Memorial Park,9270,0,9.4
Queens,Big Bush Playground,12252,0,2.5
Brooklyn,Big Red Garden,279,0,0.04
Brooklyn,Bildersee Playground,29490,0,1.42
Manhattan,Bill Bojangles Robinson Playground,7349,0,0.17
Brooklyn,Bill Brown Playground,38165,0,3.21
Bronx,Bill Rainey Park,36636,0,7.74
Bronx,Black Rock Playground,4254,0,0.32
Manhattan,Blake Hobbs Playground,7158,0,1.
Queens,Bland Playground,3911,0,0.55
Manhattan,Bleecker Playground,11691,0,0.36
Queens,Block Association #81,0,0,0.12
Staten Island,Bloomingdale Park,89130,0,138.1
Manhattan,Bloomingdale Playground,52241,0,0.72
Staten Island,Blue Heron Park,24013,0,217.45
Staten Island,Blueberry Park,1095,0,0.72
Brooklyn,Boerum Park,10086,0,0.92
Manhattan,Booker T. Washington Playground,11912,0,1.44
Bronx,Boone Slope,5850,0,0.03
Bronx,Boston Garden,2178,0,0.02
Manhattan,Bowling Green,7963,0,1.02
Queens,Bowne Park,18491,0,11.79
Queens,Bowne Playground,2256,0,1.28
Manhattan,Bradhurst Ave Garden,0,0,0.09
Staten Island,Bradys Pond Park,2301,0,6.4
Queens,Brant Point Wildlife Sanctuary,299,0,19.56
Queens,Breininger Park,31581,0,3.4
Brooklyn,Breukelen Ballfields,74031,0,16.16
Brooklyn,Brevoort Playground,30864,0,1.49
Queens,Briarwood Playground,8723,0,1.3
Queens,Bridge And Tunnel Park,1989,0,0.32
Brooklyn,Bridge Park (Brooklyn),29058,0,2.12
Bronx,Bridge Park,4559,0,7.16
Brooklyn,Bridge Park 3,23196,0,1.93
Bronx,Bridge Playground,7831,0,0.63
Brooklyn,Brighton Playground,39719,0,1.23
Queens,Brinkerhoff Mall,2909,0,0.4
Manhattan,Brisas Del Caribe,5,0,0.06
Brooklyn,Brizzi Playground,12125,0,0.65
Queens,Broad Channel American Park,7571,0,18.77
Queens,Broad Channel Park,9588,0,1.55
Queens,Broad Channel Veteran's Park,2626,0,0.57
Queens,Broad Channel Wetlands,0,0,37.95
Manhattan,Broadway Malls,71245,0,5.61
Manhattan,Broadway Malls,36704,0,2.2
Manhattan,Broadway Malls,19225,0,1.3
Manhattan,Broadway Malls,10988,0,1.14
Bronx,Bronx Park,353815,0,718.37
Bronx,Bronx River Parkway,69784,0,206.72
Bronx,Brook Park,1807,0,0.76
Staten Island,Brookfield Park,22962,0,258.72
Brooklyn,Brooklyn Academy Of Music,0,0,0.97
Brooklyn,Brooklyn Bears Carlton Ave Garden,0,0,0.14
Brooklyn,Brooklyn Bears Rockwell Pl Garden,169,0,0.08
Brooklyn,Brooklyn Botanic Garden,0,0,47.57
Brooklyn,Brooklyn Bridge Park,13008,1482623,21.38
Manhattan,Brooklyn Bridge Park,13008,1482623,21.38
Brooklyn,Brooklyn Heights Promenade,729,0,0.21
Brooklyn,Brooklyn Heights Promenade,9,0,0.32
Brooklyn,Brooklyn Heights Promenade,0,0,0.11
Brooklyn,Brooklyn Heights Promenade,0,0,0.09
Brooklyn,Brooklyn Heights Promenade,0,0,0.08
Brooklyn,Brooklyn Museum,0,0,12.66
Queens,Brookville Park,105713,0,89.95
Brooklyn,Brower Park,69883,0,7.05
Brooklyn,Brownsville Community Farm,0,0,0.12
Brooklyn,Brownsville Green,0,0,0.03
Brooklyn,Brownsville Playground,12269,0,3.02
Bronx,Bruckner Playground,6951,0,1.05
Bronx,Brust Park,6365,0,1.79
Bronx,Bryan Park,5242,0,0.15
Bronx,Bryant Hill Garden,0,0,0.34
Manhattan,Bryant Park,2408,8584181,9.6
Bronx,Bryant Triangle,6528,0,0.17
Brooklyn,Bscah Urban Farm,0,0,0.18
Bronx,Bufano Park,48926,0,1.9
Staten Island,Bunker Ponds Park,273,0,36.69
Bronx,Burns Playground,18734,0,1.62
Manhattan,Bushman Steps,10816,0,0.08
Brooklyn,Bushwick Inlet Park,84543,0,35.53
Manhattan,Bushwick Inlet Park,84543,0,35.53
Brooklyn,Bushwick Playground,80506,0,1.29
Brooklyn,Bushwick Playground,38950,0,2.78
Brooklyn,Butterfly Gardens,2182,0,0.44
Brooklyn,Cadman Plaza Park,39628,0,10.38
Brooklyn,Callahan-Kelly Playground,23706,0,3.25
Queens,Calvary Monument,455,0,0.05
Brooklyn,Calvert Vaux Park,269037,0,85.53
Queens,Cambria Playground,35987,0,4.64
Manhattan,Campos Garden,5,0,0.12
Manhattan,Canal Park,3663,0,0.67
Brooklyn,Canarsie Park,623409,0,132.2
Queens,Captain Dermody Triangle,2840,0,0.19
Manhattan,Captain Jacob Joseph Playground,4152,0,0.14
Brooklyn,"Captain John Mckenna, Iv Park",15802,0,0.48
Bronx,Captain Rivera Playground,11510,0,0.99
Queens,Captain Tilly Park,32858,0,9.16
Queens,Cardozo Playground,5722,0,2.1
Manhattan,Carl Schurz Park,330542,0,14.94
Queens,Carlos R. Lillo Park,3462,0,0.1
Staten Island,Carlton Park,5855,0,2.29
Staten Island,Carlton Park,76,0,1.25
Manhattan,Carmansville Playground,8436,0,0.57
Manhattan,Carolina Garden,0,0,0.06
Brooklyn,Carroll Park,63368,0,1.87
Brooklyn,Carter G. Woodson Children's Park,9596,0,0.92
Brooklyn,Carver Playground,41979,0,0.96
Bronx,Caserta Playground,24217,0,1.
Bronx,Castle Hill Little League Field,3335,0,1.71
Bronx,Castle Hill Park,6916,0,8.83
Bronx,Castle Hill Playground,23965,0,1.37
Queens,Castlewood Playground,19520,0,2.06
Queens,Catharine Turner Richardson Park,4495,0,0.1
Manhattan,Catherine Slip Malls,3766,0,0.25
Queens,Catholic War Veterans Square,2525,0,0.01
Brooklyn,Causa Festival Garden,0,0,0.21
Queens,Cedar Grove Playground,2523,0,0.62
Bronx,Cedar Playground,13867,0,1.8
Brooklyn,Cedar Tree Garden,0,0,0.18
Manhattan,Central Park,446300,24717743,840.64
Queens,Centreville Playground,12788,0,2.1
Bronx,Centro Cultural Garden,0,0,0.18
Brooklyn,Century Playground,46776,0,2.28
Manhattan,Cep Community Garden,0,0,0.06
Queens,Challenge Playground,6856,0,2.04
Brooklyn,Change Garden,0,0,0.13
Queens,Chappetto Square,6707,0,1.23
Brooklyn,Charlie's Place,11111,0,1.26
Bronx,Charlton Garden,5109,0,0.49
Manhattan,Charlton Plaza,3773,0,0.04
Manhattan,Chelsea Green,1066,0,0.23
Manhattan,Chelsea Park,69804,1000,3.9
Manhattan,Chelsea Recreation Center,5189,0,0.39
Manhattan,Cherry Clinton Playground,7177,0,0.48
Manhattan,Cherry Tree Park,27081,0,0.95
Brooklyn,Chester Playground,21251,0,1.
Brooklyn,Chiarantano Playground,4463,0,0.21
Bronx,Chief Dennis L. Devlin Park,4370,0,0.52
Manhattan,Children's Garden,5,0,0.04
Manhattan,Children's Magical Garden,10,0,0.07
Staten Island,Christopher J. Igneri Playground,51500,0,1.15
Manhattan,Christopher Park,4428,0,0.19
Bronx,Church Triangle,1651,0,0.09
Bronx,Ciccarone Park,21991,0,0.55
Brooklyn,Citizens For A Better Community,3159,0,0.3
Manhattan,City Hall Park,77746,2500,8.8
Bronx,City Island Wetlands,286,0,8.01
Brooklyn,City Line Park,23876,0,6.05
Brooklyn,Clara's Garden,0,0,0.13
Bronx,Claremont Neighborhood Garden,0,0,0.19
Bronx,Claremont Park,130780,0,38.54
Bronx,Clark Playground,12337,0,0.72
Brooklyn,Classon Playground,9242,0,1.34
Brooklyn,Classon Playground,6122,0,2.98
Brooklyn,Classon Triangle,5358,0,0.21
Staten Island,Clawson Playground,6405,0,3.59
Queens,Clearview Park,533,0,6.05
Queens,Clearview Park Golf Course,56,0,110.93
Queens,Clearview's Tail,442,0,0.01
Queens,Clemens Triangle,546,0,0.01
Manhattan,Clement Clarke Moore Park,9906,0,0.49
Bronx,Cleopatra Playground,6698,0,0.62
Brooklyn,Clifton Pl Memorial Park And Garden,0,0,0.17
Manhattan,Clinton Community Garden,689,0,0.35
Queens,Clintonville Playground,13324,0,1.55
Staten Island,Clove Lakes Park,231845,0,193.42
Staten Island,Clove's Tail,3865,0,2.06
Brooklyn,Clumber Corner,1716,0,0.95
Bronx,Co-Op City Field,3166,0,3.4
Brooklyn,Cobble Hill Park,10888,0,0.59
Brooklyn,Coffey Park,87958,0,8.27
Brooklyn,Cohn Triangle,4680,0,0.07
Manhattan,Col. Young Playground,213884,0,6.42
Queens,Colden Playground,12273,0,1.47
Manhattan,Coleman Playground,14405,0,2.61
Bronx,Colgate Close,8405,0,1.87
Manhattan,Collect Pond Park,6235,0,0.99
Bronx,College Avenue Greenthumb,0,0,0.43
Queens,College Point Fields,36400,0,26.83
Queens,College Point Park,4640,0,0.66
Manhattan,Collyer Brothers Park,3042,0,0.03
Manhattan,Colonel Charles Young Triangle,5344,0,0.88
Brooklyn,Colonel David Marcus Playground,34357,0,1.97
Bronx,Colucci Playground,37696,0,4.
Manhattan,Columbus Park (Manhattan),89838,2000,3.23
Brooklyn,Columbus Park (Brooklyn),26299,2000,4.14
Queens,Columbus Square,8236,0,0.1
Brooklyn,Commodore Barry Park,108914,0,10.39
Manhattan,Community Garden Association,986,0,0.02
Brooklyn,Community Group Of 349 Elton Street,0,0,0.09
Manhattan,Community Of Poor People In Action,5,0,0.06
Brooklyn,Concerned Residents Of Barbey Street,0,0,0.06
Brooklyn,Concerned Residents Of Montauk Avenue,0,0,0.09
Queens,Conch Playground,5760,0,1.89
Bronx,Concrete Plant Park,35392,0,6.44
Brooklyn,Coney Island Beach & Boardwalk,690924,0,399.47
Brooklyn,Coney Island Boat Basin,9750,0,36.81
Brooklyn,Coney Island Creek Park,5152,0,8.66
Staten Island,Conference House Park,92235,0,286.38
Brooklyn,Continental Army Plaza,12165,0,0.53
Manhattan,Convent Garden,5260,0,0.13
Bronx,Cooney Grauer Field,1958,0,1.27
Brooklyn,Cooper Park,74611,0,6.4
Brooklyn,Cooper St Block Buster Association,0,0,0.16
Manhattan,Cooper Triangle,5672,0,0.17
Manhattan,Corlears Hook Park,28583,0,4.36
Queens,Cornell Burial Ground,2336,0,0.46
Queens,Corona Golf Playground,47831,0,1.72
Queens,Corona Health Sanctuary,1670,0,0.1
Queens,Corona Plaza,217,0,0.04
Queens,Corona Taxpayers Association,0,0,0.18
Queens,Corporal Frank F. Fagan Sq.,377,0,0.
Manhattan,Corporal John A. Seravalli Playground,9629,0,1.14
Queens,Corporal Ruoff Square,4439,0,0.08
Brooklyn,Corporal Wiltshire Square,1040,0,0.05
Brooklyn,Cough Triangle,5353,0,0.03
Queens,Court Square Park,4075,0,0.49
Bronx,Courtlandt Avenue Association Garden,364,0,0.17
Manhattan,Courtney Callender Playground,18052,0,0.65
Bronx,Cpl Fischer Park,8156,0,0.57
Staten Island,Cpl. Thompson Park,117965,0,10.5
Manhattan,Crack Is Wack Playground,15437,0,1.37
Staten Island,Crescent Beach Park,2132,0,110.96
Bronx,Crescent Park,3535,0,0.44
Brooklyn,Crispus Attucks Playground,45222,0,0.93
Queens,Crocheron Park,84340,10000,62.79
Queens,Cross Island Parkway,3604,0,326.9
Queens,Crosson Green,3137,0,0.06
Queens,Crosson Park,4677,0,0.09
Bronx,Crotona Park,538642,3000,127.5
Bronx,Crotona Parkway Malls,23766,0,8.75
Queens,Crowley Playground,9014,0,1.63
Brooklyn,Crystal Wells Block Association,0,0,0.34
Bronx,Cs 134 Community Improvement Garden,0,0,0.16
Queens,Culinary Kids Garden,0,0,1.49
Queens,Cunningham Park,159811,0,358.
Brooklyn,Curtis Playground,25391,0,1.
Brooklyn,Cutinella Triangle,923,0,0.08
Brooklyn,Cuyler Gore Park,9725,0,1.16
Brooklyn,Cypress Hills Change Garden,0,0,0.09
Brooklyn,Cypress Hills Playground,17840,0,4.95
Bronx,D'Auria-Murphy Triangle,13753,0,0.31
Brooklyn,D'Emic Playground,14324,0,1.13
Bronx,D'Onofrio Square,10560,0,0.38
Manhattan,Dag Hammarskjold Plaza,20255,0,1.59
Brooklyn,Dahill Triangle,1209,0,0.01
Bronx,Daly Ave Garden,0,0,0.17
Manhattan,Damrosch Park,965,0,2.44
Brooklyn,Dan Ross Playground,6393,0,0.26
Bronx,Daniel Boone Playground,16573,0,1.2
Queens,Daniel M. O'Connell Playground,14576,0,2.04
Manhattan,Dante Park,3203,0,0.14
Queens,David J O'Connell Square,2711,0,0.06
Bronx,Davidson Ave. Community Gardeners Group,0,0,0.12
Bronx,Davidson Playground,5769,0,0.21
Staten Island,Davis Playground,3662,0,0.95
Bronx,Dawson Playground,27457,0,0.68
Manhattan,De Colores Community Yard And Cultural Center,79,0,0.07
Brooklyn,De Hostos Playground,16020,0,1.1
Staten Island,De Matti Park,3574,0,2.34
Manhattan,De Witt Clinton Park,53166,10000,5.83
Brooklyn,Dean Playground,52376,0,1.3
Brooklyn,Decatur Playground,9228,0,1.5
Queens,Delphin H. Greene Playground,14885,0,2.94
Manhattan,Delury Square,6419,0,0.21
Bronx,Derosa O'Boyle Triangle,2366,0,0.02
Manhattan,Desalvio Playground,4395,0,0.27
Brooklyn,Detective Joseph Mayrose Park,10946,0,1.31
Queens,Detective Keith L. Williams Park,56347,0,7.68
Queens,Detective William T. Gunn Playground,17872,0,2.72
Bronx,Devanney Triangle,5691,0,0.12
Bronx,Devoe Park,31673,0,5.44
Manhattan,Diamante Garden,0,0,0.19
Manhattan,Dias Y Flores,5,0,0.12
Brooklyn,Digilio Playground,6765,0,0.83
Brooklyn,Dimattina Playground,8952,0,1.38
Brooklyn,Dimattina Playground,8817,0,0.52
Queens,Ditmars Playground,32525,0,0.92
Brooklyn,Dodger Playground,5331,0,0.29
Staten Island,Dodgers Triangle,1196,0,0.03
Brooklyn,Dome Playground,10463,0,1.39
Staten Island,Dongan Playground,14161,0,1.29
Manhattan,Donnellan Square,7831,0,0.11
Manhattan,Dorothy K. Mcgowan Memorial Garden,0,0,0.05
Manhattan,Dorrance Brooks Square,5824,0,0.04
Queens,Doughboy Plaza,35479,0,1.71
Queens,Douglaston Park Golf Course,0,0,104.6
Manhattan,Downing Street Playground,13388,0,0.22
Queens,Dr. Charles R. Drew Park,25667,0,6.34
Manhattan,Dr. Gertrude B. Kelly Playground,12572,0,0.53
Brooklyn,Dr. Green Playground,24176,0,1.79
Manhattan,Dr. Ronald E. McNair Playground,13502,0,0.6
Brooklyn,Dr. Ronald Mcnair Park,9497,0,1.36
Manhattan,Dream Street Park,2099,0,0.25
Bronx,Drew Playground,20882,0,0.94
Staten Island,Drumgoole Tot Lot,4954,0,0.64
Queens,Drumm Triangle,2237,0,0.17
Manhattan,Dry Dock Playground,13811,0,1.5
Manhattan,Duane Park,15818,0,0.12
Manhattan,Duarte Square,8237,0,0.45
Queens,Dubos Point Wildlife Sanctuary,286,0,53.3
Staten Island,Dugan Playground,26863,0,3.33
Brooklyn,Duke Park,4766,0,0.14
Bronx,Dunbar Playground,8874,0,1.44
Queens,Dunningham Triangle,1614,0,0.
Queens,Dutch Kills Playground,39196,0,2.4
Queens,Dwyer Square,830,0,0.
Manhattan,Dyckman House Museum,14130,0,0.55
Brooklyn,Dyker Beach Park,135392,0,216.66
Brooklyn,E 4th Street Garden,549,0,0.18
Brooklyn,E. 43 St. Block Assoc. Garden,0,0,0.09
Staten Island,E.M.T. Christopher J. Prescott Playground,9608,0,1.12
Manhattan,Each One Teach One,12906,0,0.06
Bronx,Eae J Mitchell Park,10407,0,0.18
Manhattan,EarthPeople,79,0,0.11
Brooklyn,EarthSpirit Garden,40,0,0.23
Queens,East Elmhurst Playground,34953,0,3.83
Brooklyn,East End Community Garden,0,0,0.16
Brooklyn,East Flatbush Children's Playground,3484,0,0.11
Brooklyn,East New York Farms Garden,0,0,0.1
Manhattan,East River Esplanade,81839,17500,8.6
Manhattan,East River Esplanade,25086,17500,1.74
Manhattan,East River Playground,49970,0,1.29
Manhattan,East River Walk,28455,0,3.09
Queens,East Springfield Playground,21892,0,1.15
Bronx,Eastchester Playground,12532,0,1.03
Brooklyn,Eastern Parkway,91904,0,63.64
Brooklyn,Eastern Parkway Coalition,0,0,0.44
Brooklyn,Eastern Parkway Extension,0,0,2.06
Manhattan,Ebenezer Wesleyan Garden,0,0,0.17
Bronx,Echo Triangle,8192,0,0.16
Bronx,Edenwald Playground,20544,0,2.54
Manhattan,Edgecombe Park,520,0,0.11
Queens,Edgemere Urban Renewal Park,0,0,0.96
Bronx,EdithGarden,0,0,0.12
Brooklyn,Edmonds Playground,42678,0,0.92
Staten Island,Egbert Triangle,8128,0,0.21
Queens,Ehrenreich-Austin Playground,19501,25000,1.16
Staten Island,Eibs Pond Park,5783,0,16.51
Queens,Eight Oaks Triangle,1846,0,0.05
Bronx,El Batey Borincano Garden,79,0,0.17
Bronx,El Batey De Do?A Provi Garden,0,0,0.13
Bronx,El Flamboyan Garden,165,0,0.4
Manhattan,El Gallo Garden,0,0,0.08
Brooklyn,El Garden,0,0,0.11
Manhattan,El Jardin Del Paraiso Park,26,0,0.73
Brooklyn,El Shabazz Playground,11567,0,0.89
Manhattan,El Sol Brilliante Jr,5,0,0.06
Brooklyn,Eleanor Roosevelt Playground,58833,0,1.21
Queens,Electric Playground,12132,0,1.75
Brooklyn,Elizabeth Stroud Playground,14784,0,0.29
Manhattan,ElizabethLangley Memorial Garden,0,0,0.11
Queens,Elmhurst Park,34513,0,6.22
Queens,Elmjack Mall,1495,0,0.24
Brooklyn,Elton Playground,7675,0,0.62
Brooklyn,Elton St Block Association,0,0,0.1
Queens,Emerald Playground,13738,0,1.27
Brooklyn,Ennis Playground,8400,0,0.55
Brooklyn,Epiphany Playground,9841,0,0.5
Queens,Equity Playground,43555,0,1.31
Brooklyn,Ericsson Playground,36222,0,1.06
Bronx,Estella Diggs Park,9691,0,0.9
Brooklyn,Ethan Allen Playground,13303,0,0.8
Brooklyn,Euclid Garden,0,0,0.18
Manhattan,Eugene Mccabe Field,6806,0,0.79
Queens,Evergreen Park,32359,0,3.32
Brooklyn,Evergreen Playground,16014,0,0.87
Bronx,Ewen Park,21135,0,7.84
Staten Island,Faber Pool And Park,72141,0,4.34
Bronx,Fairmount Playground,6492,0,0.47
Staten Island,Fairview Park,130,0,42.6
Brooklyn,Family Community Garden,0,0,0.28
Manhattan,Family Community Garden,0,0,0.04
Bronx,Family Group Garden,0,0,0.1
Brooklyn,Fantasy Garden,0,0,0.23
Queens,Farm Playground,23194,0,3.76
Brooklyn,Farmers Garden,0,0,0.15
Manhattan,Father Demo Square,9348,0,0.25
Manhattan,Father Duffy Square,1092,1112098,0.08
Manhattan,Father Fagan Park,4774,0,0.15
Brooklyn,Father Giorgio Triangle,3523,0,0.07
Staten Island,Father Macris Park,7427,0,13.47
Queens,Father Reilly Square,260,0,0.03
Bronx,Featherbed Triangle,4601,0,0.17
Bronx,Featherbenches,4078,0,0.21
Queens,Federalist Triangle,624,0,0.06
Brooklyn,Fermi Playground,29951,0,1.06
Bronx,Ferris Family Burial Plot,182,0,0.13
Bronx,Ferry Point Park,91794,0,413.8
Brooklyn,Fidelity Triangle,585,0,0.01
Brooklyn,Fidler-Wyckoff House Park,5682,0,1.13
Bronx,Field Of Dreams Park,6018,0,0.17
Manhattan,Fiorello La Guardia Park,4097,0,0.55
Manhattan,Firemen's Memorial Garden,5,0,0.17
Manhattan,First Park,7183,0,0.76
Brooklyn,First Quincy St Block Association,0,0,0.13
Manhattan,First Street Garden,122,0,0.06
Brooklyn,First Temple Of David,0,0,0.05
Brooklyn,Fish Playground,15360,0,1.04
Manhattan,Fishbridge Garden,1404,0,0.1
Queens,Fisher Pool,99927,0,0.82
Brooklyn,Flatbush Malls,1384,0,1.55
Queens,Fleetwood Triangle,1826,0,0.03
Queens,Flight 587 Memorial Park,4538,0,0.16
Bronx,Flood Triangle,7359,0,0.07
Brooklyn,Floral Vineyard,0,0,0.11
Brooklyn,Floyd Patterson Ballfields,6573,0,2.3
Queens,Flushing Fields,32394,0,7.67
Queens,Flushing Greens,3144,0,1.08
Queens,Flushing Meadows Corona Park,2111504,595902,897.69
Bronx,Flynn Playground,17350,0,0.82
Queens,Foch Sitting Area,2035,0,0.05
Bronx,Fordham Landing Playground,12842,0,3.9
Staten Island,Forest Grove,3068,0,0.39
Staten Island,Forest Mall,1924,0,0.45
Brooklyn,Forest Park,1112711,0,506.86
Queens,Forest Park,1112711,0,506.86
Brooklyn,Fort Greene Park,346103,0,30.17
Brooklyn,Fort Hamilton Athletic Field,19227,0,6.02
Brooklyn,Fort Hamilton Triangle,1825,0,0.02
Staten Island,Fort Hill Park,2278,0,0.85
Bronx,Fort Independence Playground,99127,0,3.02
Brooklyn,Fort Stirling Park,12921,0,0.21
Queens,Fort Totten Park,116380,0,60.39
Manhattan,Fort Tryon Park,129036,0,67.21
Manhattan,Fort Washington Park,97119,984,184.14
Bronx,Fountain Of YouthPlayground,9158,0,1.38
Brooklyn,Four Sparrow Marsh,676,0,64.67
Brooklyn,Fox Playground (Brooklyn),34397,0,2.27
Bronx,Fox Playground,12049,0,0.94
Queens,Francis Lewis Park,15587,0,16.83
Queens,Francis Lewis Playground,8653,0,1.21
Queens,Frank D. O'Connor Playground,58619,0,1.54
Queens,Frank Golden Park,9598,0,11.42
Queens,Frank Principe Park,37295,0,8.9
Manhattan,Frank White Memorial Garden,0,0,0.09
Staten Island,Franklin D. Roosevelt Boardwalk And Beach,824079,0,644.35
Bronx,Franklin Memorial Garden,0,0,0.12
Bronx,Franklin Triangle,1736,0,0.12
Bronx,Franz Sigel Park,74364,0,15.99
Brooklyn,Fraser Square,2467,0,0.67
Manhattan,Fred Samuel Playground,38776,0,0.69
Queens,Frederick B. Judge Playground,32890,0,2.22
Manhattan,Frederick Douglass Playground,58330,0,1.95
Manhattan,Frederick Johnson Playground,55061,0,4.09
Queens,Freedom Square Playground,8826,0,0.33
Brooklyn,Freedom Triangle,4589,0,0.
Bronx,Freeman Triangle,3282,0,0.02
Brooklyn,Fresh Creek Nature Preserve,8764,0,77.04
Queens,Fresh Meadows Park,1231,0,1.23
Queens,Fresh Meadows Playground,9525,0,1.35
Staten Island,Freshkills Park,29455,0,920.43
Brooklyn,Friends Field,35499,0,6.7
Queens,Frontera Park,25402,0,1.47
Brooklyn,Frost Playground,18341,0,0.74
Brooklyn,Fruit Street Sitting Area,11420,0,0.92
Brooklyn,Fulton Park,21279,0,1.99
Staten Island,Gaeta Park,3984,0,1.43
Brooklyn,Galapo Playground,27145,0,0.57
Bronx,Galileo Playground,9879,0,0.71
Manhattan,Garden,78,0,0.05
Brooklyn,Garden,7,0,0.1
Bronx,Garden,0,0,0.25
Brooklyn,Garden,0,0,0.25
Staten Island,Garden,0,0,0.25
Brooklyn,Garden,0,0,0.09
Brooklyn,Garden,0,0,0.09
Brooklyn,Garden,0,0,0.08
Brooklyn,Garden,0,0,0.07
Brooklyn,Garden,0,0,0.07
Queens,Garden,0,0,0.07
Brooklyn,Garden,0,0,0.06
Brooklyn,Garden,0,0,0.06
Brooklyn,Garden,0,0,0.06
Brooklyn,Garden,0,0,0.05
Manhattan,Garden,0,0,0.04
Brooklyn,Garden,0,0,0.03
Bronx,Garden Of Eden,0,0,0.21
Bronx,Garden Of Happiness,0,0,0.33
Bronx,Garden Of Life,546,0,0.18
Manhattan,Garden Of Love,0,0,0.09
Brooklyn,Garden Party,0,0,0.23
Brooklyn,Garden Playground,16612,0,0.92
Brooklyn,Gardens Of Union,0,0,0.2
Brooklyn,Garibaldi Playground,24272,0,0.44
Queens,Garlinge Triangle,721,0,0.01
Bronx,Garrison Park,0,0,1.
Bronx,Garrison Playground,4469,0,0.7
Bronx,Gasoline Alley,1430,0,0.67
Brooklyn,Gateway Triangle,2210,0,0.07
Queens,Gemini Fields,8526,0,10.76
Staten Island,Gen. Douglas Macarthur Park,20347,0,5.17
Queens,Gene Gray Playground,4590,0,0.23
Queens,General Hart Playground,30611,0,0.9
Manhattan,Generation X,40,0,0.11
Bronx,Genesis Park Community Garden,0,0,0.05
Queens,George Eagle Carr Community Garden,156,0,0.12
Brooklyn,George Walker Jr. Park,9196,0,0.59
Queens,George Washington Carver Botanical Garden,0,0,0.06
Brooklyn,Georgia Ave Garden,0,0,0.04
Manhattan,Gertrude Ederle Recreation Center,23527,0,0.69
Brooklyn,Gethsemane Garden,0,0,0.05
Brooklyn,Gilbert Ramirez Park,8913,0,1.03
Bronx,Givan Square,13992,0,1.82
Bronx,Givans Creek Woods,5321,0,10.74
Queens,Gladys Warren Triangle,1159,0,0.11
Queens,Glen Oaks Oval,4679,0,2.95
Queens,Glendale Veterans Triangle,689,0,0.01
Brooklyn,Glenmore Hendrix Block Association,0,0,0.03
Queens,Glenwood Landing,1174,0,0.3
Brooklyn,Glenwood Playground,26941,0,1.43
Bronx,Goble Playground,12657,0,0.38
Brooklyn,Golconda Playground,21752,0,1.5
Brooklyn,Gonzalo Plasencia Playground,14432,0,1.24
Brooklyn,Good Shepherds Garden,0,0,0.11
Staten Island,Goodhue Park,7771,0,26.53
Brooklyn,Goodwin Gardens,0,0,0.35
Queens,Gordon Triangle,2551,0,0.08
Queens,Gorman Playground,37793,0,2.76
Bronx,Gouverneur Morris Triangle,2024,0,0.31
Bronx,Gouverneur Playground,26677,0,0.98
Brooklyn,Grace Playground,15531,0,2.74
Brooklyn,Grady Playground,16527,0,3.4
Bronx,Graham Triangle,2849,0,0.13
Manhattan,Grand Canal Court,6033,0,0.13
Queens,Grand Central Parkway,2133,0,171.2
Queens,Grand Central Parkway Extension,2112,0,248.37
Brooklyn,Grand Ferry Park,7709,0,1.7
Bronx,Grand Playground,7600,0,0.38
Queens,Grand Slope,3640,0,0.21
Brooklyn,Grand St. Community Garden,0,0,0.05
Brooklyn,Granite St Block Association,0,0,0.17
Staten Island,Graniteville Quarry Park,7397,0,4.47
Staten Island,Graniteville Swamp Park,2652,0,9.19
Bronx,Granja Farm Otf,5,0,0.38
Brooklyn,Grant Gore,4654,0,0.02
Bronx,Grant Park,24804,0,3.85
Queens,Grassmere Playground,5253,0,1.24
Brooklyn,Gravesend Park,37447,0,6.38
Brooklyn,Gravesend Triangle,481,0,0.06
Staten Island,Great Kills Park,113359,0,315.09
Staten Island,Great Kills Veterans Playground,7986,0,1.07
Manhattan,Greeley Square Park,144,0,0.14
Brooklyn,Green Central Knoll,10699,0,2.74
Brooklyn,Green Gems,0,0,0.49
Manhattan,Green Oasis And Gilbert's Garden,5,0,0.39
Brooklyn,Green Valley Garden,546,0,0.19
Staten Island,Greencroft Playground,14914,0,3.23
Brooklyn,Greene Av United Neighbors Association Inc,0,0,0.05
Brooklyn,Greene Playground,40365,0,1.26
Brooklyn,Greenpoint Playground,38563,0,0.5
Brooklyn,Greenwood Playground,24665,0,3.39
Brooklyn,Gregory's Garden,0,0,0.12
Bronx,Grove Hill Playground,10651,0,1.19
Queens,Grover Cleveland Playground,54067,0,5.1
Bronx,Gun Hill Playground,22013,0,0.72
Manhattan,Gustave Hartman Square,3353,0,0.1
Manhattan,Gutenberg Playground,5390,0,0.55
Bronx,Hackett Park,5720,0,1.
Bronx,Haffen Park,133406,0,9.24
Queens,Haggerty Park,32819,0,3.87
Bronx,Half-Nelson Playground,7959,0,0.61
Queens,Hallets Cove Playground,30880,0,5.84
Brooklyn,Halsey And Ralph Garden,0,0,0.07
Brooklyn,Halsey Garden,0,0,0.12
Manhattan,Hamilton Fish Park,26555,0,4.3
Brooklyn,Hamilton Metz Field,41034,0,2.11
Queens,Hammel Playground,87155,0,1.03
Manhattan,Hancock Park,3640,0,0.07
Brooklyn,Hancock T And T,78,0,0.08
Manhattan,Hansborough Recreation Center,6066,0,0.29
Manhattan,Happy Warrior Playground,34517,0,1.7
Bronx,Harding Park,5074,0,2.16
Bronx,Harding Park Beautification Project,1486,0,1.16
Manhattan,Harlem Art Park,5793,0,0.35
Manhattan,Harlem Grown,0,0,0.03
Manhattan,Harlem Rbi,336,0,0.9
Manhattan,Harlem River Park,27161,0,5.76
Manhattan,Harlem River Park,23903,0,0.2
Manhattan,Harlem River Park,12172,0,46.65
Manhattan,Harlem River Park,2968,0,0.35
Manhattan,Harlem River Park,2619,0,0.27
Manhattan,Harlem Rose Garden,0,0,0.16
Manhattan,Harlem Valley Garden,0,0,0.06
Brooklyn,Harmony Park,10686,0,1.56
Brooklyn,Harmony Triangle,9001,0,0.1
Brooklyn,Harold Ickes Playground,10922,0,1.82
Queens,Harold Schneiderman Playground,30638,0,0.88
Manhattan,Harris Garden,2028,0,0.11
Bronx,Harris Park,58581,0,15.32
Brooklyn,Harry Chapin Playground,10342,0,0.3
Brooklyn,Harry Maze Playground,24983,0,2.43
Queens,Hart Playground,10046,0,0.82
Brooklyn,Hart To Hart,0,0,0.33
Queens,Harvard Playground,7181,0,0.58
Queens,Harvey Park,27642,0,9.15
Brooklyn,Hattie Carthan Community Garden,100,0,0.81
Brooklyn,Hattie Carthan Herb Farm,0,0,0.14
Brooklyn,Hattie Carthan Playground,36126,0,1.2
Bronx,Havemeyer Garden,0,0,0.14
Bronx,Havemeyer Playground,6798,0,0.44
Manhattan,Haven Avenue,0,0,1.38
Bronx,Haviland Playground,4092,0,0.84
Bronx,Hawkins Park,6401,0,0.14
Bronx,HeathTriangle,757,0,0.11
Brooklyn,Heckscher Playground,31556,0,1.24
Brooklyn,Heffernan Triangle,3640,0,0.03
Brooklyn,Heisser Triangle,5094,0,0.03
Manhattan,Hell's Kitchen Park,11261,0,0.58
Queens,Hempstead Ballfield,3282,0,1.94
Queens,Hempstead Bench Spread,3685,0,0.27
Brooklyn,Hendrick I. Lott House,1387,0,0.73
Manhattan,Henry Garnet Garden,0,0,0.07
Bronx,Henry Hudson Park,80262,0,8.97
Bronx,Henry Hudson Parkway,1161,0,54.1
Manhattan,Henry M. Jackson Playground,5044,0,0.61
Brooklyn,Her-King Alagantic Garden,0,0,0.05
Manhattan,Herald Square,0,0,0.21
Brooklyn,Herbal Garden,0,0,0.25
Brooklyn,Herbert Von King Park,187822,0,7.82
Staten Island,Heritage Park,2820,0,9.93
Brooklyn,Herman Dolgon Playground,40316,0,1.89
Staten Island,Hero Park,5216,0,3.02
Brooklyn,Hickman Playground,7400,0,2.66
Bronx,Highbridge Park,330436,5000,130.1
Manhattan,Highbridge Park (Manhattan),330436,5000,130.1
Bronx,Highbridge Park,10622,5000,0.82
Brooklyn,Highland Park (Brooklyn),295864,0,146.75
Queens,Highland Park (Queens),295864,0,146.75
Brooklyn,Hillside Dog Park,2943,0,1.37
Queens,Hillside Playground,6688,0,1.16
Brooklyn,Hilltop Playground,13218,0,1.1
Queens,Hilton Holiday Gardens,3908,0,1.2
Bronx,Hilton White Playground,11434,0,0.48
Bronx,Hines Park,9441,0,0.38
Queens,Hinton Park,27912,0,3.74
Bronx,Hoe Ave NorthTot Lots,0,0,0.05
Bronx,Hoe Garden,0,0,0.23
Queens,Hoffman Park,26496,0,2.86
Manhattan,Holcombe Rucker Park,49188,0,3.05
Queens,Hollis Playground,16571,0,0.98
Queens,Hollis Veterans Square,1027,0,0.02
Brooklyn,Homecrest Playground,30448,0,2.37
Queens,Hook Creek Park,1496,0,111.16
Queens,Hoover - Manton Playgrounds,43509,0,5.2
Brooklyn,Hoparkinson R&L Block Association Garden,0,0,0.1
Brooklyn,Hope Ballfield,16152,0,1.36
Manhattan,Hope Garden,5,0,0.05
Queens,Horace Harding Playground,28437,0,1.3
Queens,Horsebrook Island,780,0,0.03
Bronx,Horseshoe Playground,15988,0,0.43
Brooklyn,Hot Spot Tot Lot,8505,0,0.32
Brooklyn,Houston Playground,9143,0,0.92
Brooklyn,Howard Av Block Association,0,0,0.22
Manhattan,Howard Bennett Playground,45463,0,1.23
Brooklyn,Howard Malls,3809,0,0.19
Brooklyn,Howard Playground,27057,0,1.
Brooklyn,Howard Pool,2438,0,0.67
Queens,Howard Von Dohlen Playground,13075,0,1.38
Queens,Hoyt Playground,23432,0,2.2
Manhattan,Hudson Park,351,0,2.15
Bronx,Hugh J. Grant Circle,26871,0,1.11
Staten Island,Huguenot Ponds Park,117,0,1.53
Brooklyn,Hull Street Garden,0,0,0.32
Queens,Hull Triangle,2344,0,0.16
Manhattan,Humacao Community Garden,0,0,0.11
Brooklyn,Human Compass Garden,0,0,0.07
Manhattan,Hunter's Point SouthPark,207287,0,10.
Queens,Hunter's Point South Park,207287,0,10.
Bronx,Hunts Point Playground,8386,0,0.72
Bronx,Hunts Point Riverside Park,9846,0,0.43
Bronx,Hutchinson River Parkway,2419,0,229.14
Bronx,Hutton Triangle,2730,0,0.1
Staten Island,Hybrid Oak Woods Park,117,0,9.76
Bronx,I-Am-Park,10576,0,0.71
Staten Island,Ida Court,5214,0,1.6
Queens,Idlewild Park,6642,530000,180.85
Manhattan,Imagination Playground,7818,0,0.39
Brooklyn,Imani Ii Garden,0,0,0.07
Staten Island,Ingram Woods,5023,0,3.77
Manhattan,Inwood Hill Park,149331,0,196.4
Bronx,Inwood Park,12054,0,0.36
Brooklyn,Irving Square Park,13364,0,2.76
Brooklyn,Isabahlia Community Garden,0,0,0.06
Manhattan,Isham Park,25545,0,20.13
Bronx,Isla Verde Garden,0,0,0.16
Staten Island,Isle Of Meadows,645,0,87.52
Manhattan,J. Hood Wright Park,75619,1250,6.7
Brooklyn,J.J. Byrne Playground,46862,0,3.03
Manhattan,Jackie Robinson Community Garden,0,0,0.06
Manhattan,Jackie Robinson Park,187010,0,12.77
Brooklyn,Jackie Robinson Park Playground,55876,0,1.61
Brooklyn,Jackie Robinson Parkway,0,0,72.75
Queens,Jackie Robinson Parkway,0,0,72.75
Brooklyn,Jackie Robinson Playground,40855,0,1.
Queens,Jackson Mill Green,2886,0,0.07
Manhattan,Jackson Square,5119,0,0.23
Bronx,Jackson-Forest Community Garden,2781,0,0.18
Manhattan,Jacob H. Schiff Playground,38441,0,3.85
Brooklyn,Jacob Joffe Fields,10033,0,2.98
Queens,Jacob Riis Triangle,1118,0,0.01
Brooklyn,Jacob's Ladder Playground,6789,0,1.09
Brooklyn,Jaime Campiz Playground,12918,0,0.75
Queens,Jamaica Bay Park,28,0,149.54
Queens,Jamaica Gateway Park,78,0,0.9
Queens,Jamaica Playground,7518,0,2.46
Manhattan,James J Walker Park,9806,0,1.67
Manhattan,James Madison Plaza,5735,0,0.36
Manhattan,James Weldon Johnson Playground,7540,0,1.05
Manhattan,Jane Street Garden,168,0,0.06
Bronx,Jardin De La Familia,112,0,0.32
Bronx,Jardin De La Roca,0,0,0.23
Bronx,Jardin De Las Rosas,0,0,0.06
Brooklyn,Java Garden,0,0,0.06
Manhattan,Jefferson Market Garden,1118,0,0.36
Bronx,Jennie Jerome Playground,4973,0,0.29
Staten Island,Jennifer's Playground,20716,0,1.6
Brooklyn,Jerome Gardens,0,0,0.04
Bronx,Jerome Park,3620,0,4.36
Brooklyn,Jerome Playground (Brooklyn),7911,0,0.69
Bronx,Jerome Playground South,4024,0,0.35
Bronx,Jerome Slope,17832,0,0.76
Brooklyn,Jerry And The Senior Gents,0,0,0.06
Brooklyn,Jes Good Rewards Childeren's Garden,0,0,0.21
Brooklyn,Jesse Owens Playground,5181,0,2.33
Staten Island,Joe Holzka Community Garden,0,0,0.43
Brooklyn,John Allen Payne Playground,10870,0,1.51
Brooklyn,John Hancock Playground,16769,0,1.55
Brooklyn,John J Carty Park,42694,0,8.57
Manhattan,John Jay Park,87847,0,3.31
Brooklyn,John Paul Jones Park,9366,0,5.32
Manhattan,John V. Lindsay East River Park,129965,0,45.88
Queens,John Vincent Daniels Jr. Square,13486,0,0.25
Manhattan,Johnny Hartman Square,5772,0,0.02
Staten Island,Jones Woods Park,4472,0,16.93
Brooklyn,Jordan Magic Garden,0,0,0.12
Queens,Joseph Austin Playground,26049,0,3.81
Manhattan,Joseph C. Sauer Park,5011,0,0.4
Manhattan,Joseph Daniel Wilson Garden,0,0,0.06
Staten Island,Joseph Manna Park,2860,0,0.85
Bronx,Joseph Rodman Drake Park,4849,0,2.49
Queens,Josephine Caminiti Playground,30387,0,0.4
Bronx,Joyce Kilmer Park,32610,0,6.88
Queens,Judge Angelo Graci Triangle,1946,0,0.25
Queens,Judge Moses Weinstein Playground,32020,0,3.25
Bronx,Julio Carballo Fields,15022,0,3.35
Queens,Junction Playground,16223,0,0.54
Queens,Juniper Valley Park,147787,0,55.64
Brooklyn,Kaiser Park,183463,0,26.26
Staten Island,Kaltenmeier Playground,5492,0,1.02
Brooklyn,Kelly Park Playground,47191,0,1.45
Brooklyn,Kelly Park Playground,47143,0,3.45
Bronx,Keltch Park,13985,0,0.29
Manhattan,Kenkeleba House Garden,5,0,0.25
Brooklyn,Kennedy King Playground,20168,0,0.79
Queens,Kennedy Playground,15972,0,5.4
Brooklyn,Ketchum Triangle,1105,0,0.06
Manhattan,Kimlau Square,4113,0,0.24
Staten Island,King Fisher Park,5109,0,23.01
Staten Island,Kingdom Pond Park,91,0,4.22
Bronx,Kingsbridge Heights Community Center,0,0,0.33
Queens,Kissena Corridor Park,152962,0,100.87
Queens,Kissena Corridor Park,43711,0,48.64
Queens,Kissena Park,131755,0,237.15
Brooklyn,Kolbert Playground,71878,0,1.58
Brooklyn,Korean War Veterans Plaza,10142,0,1.2
Brooklyn,Kosciuszko Pool,59509,0,2.39
Brooklyn,Kosciuszko Street Garden,117,0,0.19
Queens,L/CPL Thomas P. Noonan Jr. Playground,65054,0,1.05
Manhattan,La Cuevita Garden,0,0,0.06
Bronx,La Finca Del Sur Community Garden,0,0,0.26
Brooklyn,La Guardia Playground,25986,0,0.41
Brooklyn,La Guardia Playground,12145,0,0.77
Bronx,La Isla Garden,0,0,0.11
Manhattan,La Perla Garden,0,0,0.04
Manhattan,La Plaza Cultural,142,0,0.64
Brooklyn,Lady Moody Triangle,1430,0,0.05
Brooklyn,Lafayette Gardens Playground,31282,0,0.71
Brooklyn,Lafayette Playground,11970,0,0.52
Brooklyn,Lafayette Playground,7837,0,1.19
Manhattan,Lafayette Square,3177,0,0.02
Queens,Laguardia Landing Lights,3592,0,1.47
Queens,Laguardia Landing Lights,3273,0,0.35
Queens,Laguardia Landing Lights,2595,0,1.61
Queens,Laguardia Landing Lights,2470,0,1.99
Queens,Laguardia Landing Lights,2405,0,0.25
Queens,Laguardia Landing Lights,2303,0,1.75
Queens,Laguardia Landing Lights,2138,0,0.46
Queens,Laguardia Landing Lights,221,0,0.14
Queens,Lanett Playground,86002,0,0.97
Staten Island,Laredo Avenue Parcel,1462,0,2.22
Bronx,Las Casitas Community Garden,0,0,0.19
Staten Island,Last Chance Pond Park,2392,0,3.9
Queens,Latham Park,1027,0,0.03
Queens,Latimer Playground,7994,0,1.08
Bronx,Latinos Unidos Garden,0,0,0.12
Queens,Laurelton Parkway,14932,0,59.61
Queens,Laurelton Playground,4206,0,1.79
Queens,Lawrence Triangle,1284,0,0.14
Queens,Lawrence Virgilio Playground,47178,0,3.01
Bronx,Leave It Better Kids' Garden,0,0,0.24
Brooklyn,Lefferts Pl Block Association,0,0,0.07
Queens,Lefferts Playground,11614,0,2.94
Queens,Legion Triangle,1662,0,0.05
Brooklyn,Leif Ericson Park,127347,0,16.8
Staten Island,Lemon Creek Park,12455,0,104.55
Brooklyn,Lentol Garden,3994,0,0.76
Queens,Leonard Square,907,0,0.06
Staten Island,Levy Playground,5887,0,0.49
Queens,Lewis H Latimer House,1047,0,0.32
Brooklyn,Lewis Playground,8468,0,0.16
Bronx,Libertad Urban Farm,0,0,0.1
Staten Island,Lieutenant John H. Martinson Playground,41184,0,1.38
Manhattan,Life Spire Garden,103,0,0.02
Manhattan,Lillian D Wald Playground,4798,0,0.68
Manhattan,Lincoln Center Plaza,0,0,3.8
Brooklyn,Lincoln Rd Block Association,52,0,0.07
Brooklyn,Lincoln Terrace / Arthur S. Somers Park,162484,0,17.14
Brooklyn,Linden Park,43816,0,9.32
Brooklyn,Linden Sitting Area,2968,0,0.14
Brooklyn,Lindower Park,33548,0,6.7
Brooklyn,Lindsay Triangle,4110,0,0.04
Queens,Linnaeus Park,5145,0,2.07
Brooklyn,Linwood Playground,8197,0,0.71
Brooklyn,Lion's Pride Playground,9005,0,0.87
Staten Island,Liotti Ikefugi Playground,7260,0,0.41
Queens,Litchhult Square,468,0,0.07
Brooklyn,Lithuania Square,2496,0,0.02
Queens,Little Bay Park,56503,0,55.22
Bronx,Little Claremont Playground,3400,0,0.55
Manhattan,Little Flower Playground,15021,0,1.29
Bronx,Little Green Garden,0,0,0.12
Brooklyn,Livonia Park,6315,0,0.92
Manhattan,Liz Christy Garden,5,0,0.27
Queens,Locust Grove Civic Triangle,6013,0,0.32
Queens,Locust Manor Civic Association,689,0,0.08
Queens,Locust Manor Playground,31292,0,2.
Bronx,Locust Point Marina,0,0,22.07
Queens,London Planetree Playground,54319,0,1.84
Queens,Long Island Mews,5427,0,0.32
Staten Island,Long Pond Park,330,0,91.09
Bronx,Longfellow Playground,3441,0,0.37
Staten Island,Lopez Playground,8062,0,1.12
Bronx,Loreto Playground,17492,0,2.18
Manhattan,Los Amigos Garden,5,0,0.06
Queens,Lost Battalion Hall Recreation Center,7647,0,2.41
Brooklyn,Lot,1339,0,1.7
Brooklyn,Lot,1313,0,2.88
Bronx,Lot,195,0,1.19
Brooklyn,Lot,0,0,0.98
Brooklyn,Lott Park,827,0,0.06
Queens,Louis Armstrong Community Center,1002,0,0.45
Queens,Louis Armstrong Playground,25508,0,1.09
Queens,Louis C. Moser Playground,3990,0,1.5
Manhattan,Louis Cuvillier Park,301,0,2.75
Queens,Louis Pasteur Park,15488,0,3.67
Brooklyn,Louis Pl Friends,0,0,0.04
Manhattan,Lower East Side Ecology Center,21,0,0.15
Manhattan,Lower East Side Playground,4279,0,0.83
Brooklyn,Lowry Triangle,3939,0,0.11
Bronx,Lozada Playground,11261,0,1.05
Queens,Lt. Clinton L .Whiting Square,1180,0,0.05
Brooklyn,Lt. Federico Narvaez Tot Lot,8437,0,0.13
Queens,Lt. Frank Mcconnell Park,3185,0,0.21
Brooklyn,Lt. Joseph Petrosino Park,10628,0,0.87
Staten Island,Lt. Lia Playground,14083,0,1.37
Manhattan,Lt. Wm. Tighe Triangle,11227,0,0.16
Queens,Luke J. Lang Square,8830,0,0.
Brooklyn,Luna Playground,9920,0,1.76
Manhattan,Luther Gulick Park,6465,0,1.45
Staten Island,Lyons Pool,36706,0,3.2
Bronx,Lyons Square Playground,9001,0,1.32
Manhattan,MacArthur Playground,11957,0,0.33
Queens,MacDonald Park,24560,0,1.42
Brooklyn,Machate Circle,8970,0,4.32
Bronx,Maclaughlin Playground,7728,0,0.3
Queens,Macneil Park,43074,0,28.87
Bronx,Macombs Dam Park,99005,0,44.17
Brooklyn,Macri Triangle,6247,0,0.57
Brooklyn,Madison Community Greenthumb,0,0,0.06
Brooklyn,Madison Square Garden Association,0,0,0.17
Manhattan,Madison Square Park,14042,1421056,6.23
Brooklyn,Madison Street Block Association,0,0,0.08
Manhattan,Mae Grant Playground,10372,0,0.97
Queens,Mafera Park,29234,0,5.4
Bronx,Magenta Playground,15874,0,1.21
Manhattan,Magic Garden,0,0,0.1
Staten Island,Mahoney Playground,17314,0,2.21
Bronx,Major General John R Brown Triangle,2217,0,0.14
Queens,Major Mark Park,5499,0,0.9
Queens,Mall Eighteen,248,0,0.09
Queens,Mall Forty Two Xlii,6711,0,1.43
Queens,Mall Thirty Four Xxxiv,1669,0,0.55
Brooklyn,Manhattan Beach Park,146464,0,42.94
Brooklyn,Manley's Pl,0,0,0.28
Staten Island,Manor Park,0,0,1.78
Queens,Manuel De Dios Unanue Triangle,1582,0,0.04
Bronx,Mapes Ballfield,5848,0,1.81
Bronx,Mapes Pool,41460,0,0.68
Queens,Maple Grove Park,3711,0,1.5
Queens,Maple Playground,32725,0,0.98
Staten Island,Maple Woods,2392,0,0.77
Bronx,Marble Hill Playground,33836,0,1.65
Manhattan,Marble Hill Playground,33836,0,1.65
Brooklyn,Marc And Jason's Playground,46598,0,1.33
Queens,Marconi Park,39732,0,4.64
Manhattan,Marcus Garvey Park,215096,0,20.17
Brooklyn,Marcus Garvey Tenant's Assoc. Garden,0,0,0.23
Brooklyn,Marcy Green Center,3164,0,0.2
Brooklyn,Marcy Green North,3911,0,0.14
Brooklyn,Marcy Green South,3718,0,0.1
Brooklyn,Marcy Park South,7830,0,0.36
Brooklyn,Marcy Playground,38467,0,3.2
Queens,Margaret I. Carman Green - Weeping Beech,30946,0,2.6
Manhattan,Margrichante Garden,0,0,0.17
Brooklyn,Maria Hernandez Park,192265,0,6.87
Queens,Marie Curie Playground,31799,0,2.55
Brooklyn,Marine Park,196689,0,798.
Staten Island,Mariners Harbor Playground,7208,0,0.27
Staten Island,Mariners Marsh Park,4628,0,107.58
Brooklyn,Marion Hopkinson Playground,19327,0,1.32
Staten Island,Markham Playground,17003,0,2.84
Brooklyn,Marlboro Playground,11891,0,1.07
Brooklyn,Martin Luther King Jr. Playground,50570,0,2.29
Bronx,Martin Luther King Triangle,6339,0,0.12
Bronx,Martin Luther King Triangle,3556,0,0.16
Manhattan,"Martin Luther King, Jr. Playground",17260,0,1.
Brooklyn,Martin Luther Playground,17062,0,0.91
Brooklyn,Martinez Playground,9984,0,1.37
Manhattan,Marx Brothers Playground,14481,0,1.48
Manhattan,Mathews-Palmer Playground,12051,0,0.48
Manhattan,Matthew P. Sapolin Playground,30725,0,0.95
Bronx,Matthews Muliner Playground,16116,0,1.02
Queens,Maurice A FitzGerald Playground,37098,0,1.2
Bronx,Mazzei Playground,16966,0,1.59
Manhattan,McCaffrey Playground,16172,0,0.44
Brooklyn,McCarren Park,492753,0,36.49
Manhattan,McCarthy Square,4056,0,0.04
Brooklyn,McDonald Playground (Brooklyn),32437,0,3.49
Brooklyn,McGuire Fields,9541,0,77.18
Queens,Mckee Triangle,290,0,0.06
Manhattan,McKenna Square,5659,0,0.35
Queens,Mckenna Triangle,1447,0,0.01
Brooklyn,McKinley Park,66834,0,8.25
Manhattan,McKinley Playground,6488,0,0.56
Bronx,Mckinley Square,6019,0,0.12
Queens,Mckinley's Children's Garden,0,0,0.29
Brooklyn,McLaughlin Park,109088,0,1.98
Queens,McLaughlin Playground,4258,0,0.36
Brooklyn,Mellett Playground,41955,0,1.06
Bronx,Melrose Commons Park,0,0,1.08
Bronx,Melrose Playground,9815,0,1.
Brooklyn,Memorial Gore,2041,0,0.07
Queens,Mentone Playground,325,0,1.1
Manhattan,Mercer Playground,4678,0,0.45
Manhattan,Merchant's House Museum,1626,0,0.07
Staten Island,MeredithWoods,1664,0,47.52
Bronx,Merriam Playground,26559,0,2.94
Queens,Metro Triangle,1300,0,0.02
Brooklyn,Metropolitan Recreation Center,28458,0,0.18
Brooklyn,Meucci Triangle,1190,0,0.05
Bronx,Michel Triangle,4494,0,0.28
Queens,Middle Village Playground,7026,0,0.45
Queens,Middle Village Veterans Triangle,767,0,0.03
Queens,Middleburgh Triangle,649,0,0.
Brooklyn,Middleton Playground,12731,0,1.1
Staten Island,Midland Field,23980,0,7.46
Queens,Midland Malls,2824,0,1.8
Staten Island,Midland Playground,22958,0,1.68
Bronx,Miele Park,1661,0,0.39
Brooklyn,Milestone Park,17022,0,0.48
Bronx,Mill Pond Park,33296,0,11.57
Manhattan,Mill Rock Park,0,0,8.64
Bronx,Millbrook Playground,13570,0,1.05
Manhattan,Minetta Green,3725,0,0.06
Manhattan,Minetta Playground,6285,0,0.21
Manhattan,Minetta Triangle,3808,0,0.08
Manhattan,Miracle Garden (Manhattan),5,0,0.12
Bronx,Miracle Garden,0,0,0.11
Manhattan,Mitchel Square,8422,0,0.77
Manhattan,Mobilization For Change,0,0,0.04
Bronx,Model T Senior Citizen's Garden,0,0,0.27
Brooklyn,Moffat Garden,0,0,0.04
Bronx,Mohegan Triangle,4392,0,0.1
Brooklyn,Monsignor Crawford Field,3791,0,2.29
Manhattan,Monsignor Kett Playground,28127,0,1.
Bronx,Monsignor Raul Del Valle Square,11541,0,0.42
Queens,Montbellier Park,20720,0,4.43
Manhattan,Montefiore Square,15138,0,0.34
Queens,Moore Homestead Playground,81846,0,1.98
Manhattan,Moore Playground,44167,0,0.77
Bronx,Morgan Playground,19753,0,0.78
Manhattan,Morningside Park,122153,0,29.89
Bronx,Morris Garden,8202,0,0.44
Bronx,Morris Mesa,5397,0,0.15
Manhattan,Morris-Jumel Ecological Education Garden,1482,0,0.1
Bronx,Mosaic Success Garden,65,0,0.29
Bronx,Mosholu Parkway,128318,0,80.94
Bronx,Mosholu Playground,20413,0,0.41
Brooklyn,Mother Cabrini Park,7342,0,0.47
Queens,Motor Parkway,257,0,13.89
Bronx,Mott Playground,18388,0,0.98
Bronx,Mount Eden Malls,12762,0,1.68
Bronx,Mount Hope Garden,3939,0,0.28
Bronx,Mount Hope Playground,12312,0,0.7
Brooklyn,Mount Prospect Park,45839,0,7.79
Brooklyn,Msgr. Mcgolrick Park,35876,0,9.13
Brooklyn,Mt. Carmel Triangle,4098,0,0.1
Bronx,Mullaly Park,113374,15000,15.05
Bronx,Muller Triangle,952,0,0.04
Manhattan,Murphy Brothers Playground,10591,0,1.28
Bronx,Murphy Triangle,4252,0,0.1
Queens,Murray Hill Playground,5329,0,1.21
Queens,Murray Playground,68260,0,2.52
Brooklyn,Mw United Orient Grand Lodge,0,0,0.19
Queens,Myrtle Avenue Clemens Triangle,896,0,0.01
Queens,Nakks Malls,663,0,0.19
Staten Island,Naples Playground,10267,0,3.47
Queens,Nassau Mall,1889,0,0.84
Queens,Nassau Mall South,1744,0,0.83
Manhattan,Nathan Straus Playground,7362,0,0.85
Queens,Nathan Weidenbaum Playground,8229,0,0.73
Brooklyn,Nautilus Playground,22329,0,1.38
Brooklyn,Nehemiah Park,14706,0,1.65
Brooklyn,Nehemiah Ten Garden,0,0,0.28
Brooklyn,Neighborhood Community Garden,0,0,0.07
Manhattan,Neighbors Of Vega Baja,0,0,0.07
Brooklyn,Nellie Bly Park,13,0,1.06
Bronx,Nelson Playground,18498,0,1.22
Queens,Neponsit Mall,2723,0,0.76
Brooklyn,Neptune Playground,6154,0,1.24
Manhattan,New 123Rd St Block Association Garden,0,0,0.14
Staten Island,New Dorp Park,1586,0,0.79
Brooklyn,New Vision Garden,0,0,0.32
Brooklyn,Newport Playground,17734,0,0.92
Brooklyn,Newtown Barge Playground,5088,0,6.24
Queens,Newtown Playground,15170,0,0.7
Brooklyn,Nicholas Naquan Heyward Jr. Park,26231,0,1.04
Queens,Nine Heroes Plaza,2219,0,0.02
Bronx,Noble Playground,36859,0,3.21
Queens,Norelli-Hargreaves Memorial Triangle,879,0,0.04
Queens,Norelli-Hargreaves Playground,6464,0,1.43
Brooklyn,North5th Street Pier And Park,28884,0,0.85
Manhattan,North5th Street Pier And Park,28884,0,0.85
Bronx,NorthBrother Island,0,0,30.4
Staten Island,Northerleigh Park,10281,0,3.96
Queens,Northern Playground,37765,0,1.72
Brooklyn,NorthPacific Playground,14175,0,0.16
Queens,NorthRochdale Playground,23383,0,1.07
Staten Island,NorthShore Esplanade,2640,0,1.52
Staten Island,NorthShore Esplanade,2291,0,0.73
Brooklyn,Nostrand Playground,38954,0,3.02
Manhattan,Nyc Aids Memorial Park At St. Vincent?S Triangle,166,0,0.38
Bronx,O'Brien Oval,6825,0,0.23
Bronx,O'Neill Triangle,5031,0,0.64
Queens,O'sullivan Plaza,1437,0,0.03
Queens,Oakland Gardens,9229,0,1.17
Manhattan,Oasis Garden,0,0,0.12
Staten Island,Ocean Breeze Park,124053,0,136.57
Brooklyn,Ocean Hill Playground,17781,0,1.6
Brooklyn,Ocean Parkway Malls,104370,0,140.
Bronx,Ogden Plimpton Playground,7724,0,0.23
Manhattan,Old Croton Aqueduct Gatehouse,551,0,0.15
Brooklyn,Old Gravesend Cemetery,68462,0,1.65
Staten Island,Old Place Creek Park,0,0,44.73
Staten Island,Old Town Playground,20736,0,1.53
Staten Island,Olmsted-Beil House Park,287,0,1.58
Queens,One Room Schoolhouse Park,1047,0,0.14
Brooklyn,Oracle Playground,30070,0,0.7
Manhattan,Orchard Alley Garden,117,0,0.22
Brooklyn,Orient Grove,2444,0,0.15
Brooklyn,Osborn Playground,17086,0,1.9
Manhattan,Our Little Green Acre/Garden Eight,0,0,0.05
Queens,Overlook Park,6517,0,2.33
Bronx,Owen F. Dolen Park,11453,0,1.4
Brooklyn,Owl's Head Park,123889,0,24.22
Brooklyn,Oxport Playground,6261,0,1.03
Brooklyn,P.O. Reinaldo Salgado Playground,44328,0,2.29
Bronx,P.O. Serrano Playground,37550,0,2.62
Brooklyn,P.S. 125 Playground,10348,0,0.21
Brooklyn,P.S. 149 Artsy Bloom Community Garden,0,0,0.06
Manhattan,P.S. 155 Playground,55490,0,0.83
Bronx,P.S. 186 Day Treatment Program,0,0,0.07
Brooklyn,P.S. 279 Playground,5420,0,0.23
Bronx,P.S. 29 Ballfield,6805,0,1.11
Brooklyn,P.S. 4 Paradise Garden,0,0,0.3
Brooklyn,P.S. 53,0,0,0.06
Manhattan,P.S. 76 Garden,0,0,0.05
Bronx,Padre Plaza,0,0,0.37
Brooklyn,Paerdegat Basin Park,3856,0,118.8
Brooklyn,Paerdegat Park,37590,0,3.56
Brooklyn,Pagan's Garden,0,0,0.08
Bronx,Palmer Inlet,0,0,7.49
Brooklyn,Parade Ground,109015,0,39.5
Staten Island,Park,18343,0,5.77
Brooklyn,Park,18304,0,0.09
Brooklyn,Park,9270,0,0.74
Brooklyn,Park,8859,0,0.28
Brooklyn,Park,3731,0,0.06
Brooklyn,Park,3621,0,0.21
Bronx,Park,3121,0,0.14
Bronx,Park,2938,0,0.06
Bronx,Park,2845,0,0.5
Bronx,Park,2748,0,0.9
Brooklyn,Park,2469,0,0.1
Bronx,Park,1953,0,0.51
Bronx,Park,1901,0,6.79
Brooklyn,Park,1742,0,0.31
Brooklyn,Park,1720,0,0.12
Brooklyn,Park,1547,0,0.44
Queens,Park,1527,0,0.03
Manhattan,Park,1495,0,0.03
Staten Island,Park,1482,0,0.74
Brooklyn,Park,1443,0,0.
Brooklyn,Park,1403,0,0.
Bronx,Park,1391,0,0.06
Brooklyn,Park,1248,0,0.06
Bronx,Park,1233,0,0.04
Bronx,Park,1183,0,0.03
Bronx,Park,1132,0,0.06
Bronx,Park,1092,0,0.03
Bronx,Park,1006,0,0.09
Bronx,Park,793,0,0.08
Queens,Park,728,0,0.14
Brooklyn,Park,689,0,0.01
Brooklyn,Park,585,0,1.08
Bronx,Park,546,0,0.29
Bronx,Park,511,0,0.76
Bronx,Park,442,0,0.03
Staten Island,Park,391,0,0.55
Brooklyn,Park,377,0,0.01
Brooklyn,Park,364,0,0.
Bronx,Park,358,0,0.15
Staten Island,Park,338,0,5.85
Queens,Park,195,0,0.01
Queens,Park,156,0,0.02
Staten Island,Park,143,0,1.18
Brooklyn,Park,117,0,0.11
Staten Island,Park,117,0,0.05
Staten Island,Park,104,0,0.18
Queens,Park,60,0,1.14
Queens,Park,39,0,0.
Queens,Park,28,0,0.7
Queens,Park,26,0,0.08
Queens,Park,0,0,3.81
Staten Island,Park,0,0,2.36
Manhattan,Park,0,0,2.13
Manhattan,Park,0,0,1.49
Brooklyn,Park,0,0,1.35
Queens,Park,0,0,1.23
Brooklyn,Park,0,0,1.18
Bronx,Park,0,0,1.13
Brooklyn,Park,0,0,0.98
Brooklyn,Park,0,0,0.96
Bronx,Park,0,0,0.59
Brooklyn,Park,0,0,0.59
Queens,Park,0,0,0.32
Manhattan,Park,0,0,0.19
Bronx,Park,0,0,0.17
Brooklyn,Park,0,0,0.16
Bronx,Park,0,0,0.15
Staten Island,Park,0,0,0.11
Bronx,Park,0,0,0.1
Staten Island,Park,0,0,0.07
Brooklyn,Park,0,0,0.06
Bronx,Park,0,0,0.05
Brooklyn,Park,0,0,0.05
Bronx,Park,0,0,0.04
Bronx,Park,0,0,0.04
Bronx,Park,0,0,0.03
Bronx,Park,0,0,0.03
Bronx,Park,0,0,0.03
Bronx,Park,0,0,0.03
Bronx,Park,0,0,0.03
Queens,Park,0,0,0.03
Bronx,Park,0,0,0.02
Bronx,Park,0,0,0.02
Bronx,Park,0,0,0.02
Bronx,Park,0,0,0.02
Queens,Park,0,0,0.02
Queens,Park,0,0,0.02
Queens,Park,0,0,0.02
Queens,Park,0,0,0.02
Queens,Park,0,0,0.02
Bronx,Park,0,0,0.01
Bronx,Park,0,0,0.01
Bronx,Park,0,0,0.01
Bronx,Park,0,0,0.01
Brooklyn,Park,0,0,0.01
Brooklyn,Park,0,0,0.01
Queens,Park,0,0,0.01
Queens,Park,0,0,0.01
Queens,Park,0,0,0.01
Queens,Park,0,0,0.01
Queens,Park,0,0,0.01
Queens,Park,0,0,0.01
Queens,Park,0,0,0.01
Staten Island,Park,0,0,0.01
Staten Island,Park,0,0,0.01
Brooklyn,Park,0,0,0.
Brooklyn,Park,0,0,0.
Brooklyn,Park,0,0,0.
Brooklyn,Park,0,0,0.
Brooklyn,Park,0,0,0.
Queens,Park,0,0,0.
Queens,Park,0,0,0.
Queens,Park,0,0,0.
Queens,Park,0,0,0.
Queens,Park,0,0,0.
Queens,Park,0,0,0.
Queens,Park At Beach 108 Street,1185,0,13.83
Manhattan,Park Avenue Malls,6136,0,4.62
Manhattan,Park Avenue Malls,3272,0,0.65
Manhattan,Park Avenue Malls,1417,0,1.32
Queens,Park Of The Americas,70617,0,3.08
Queens,Park Slope,0,0,0.01
Brooklyn,Park Slope Playground,43615,0,0.96
Manhattan,Parks Council Success Garden,0,0,0.25
Bronx,Parkside Playground,16602,0,0.82
Queens,Pat Williams Playground,4809,0,0.51
Brooklyn,Patchen Community Square Garden,0,0,0.1
Queens,Patricia A. Brackley Park,1582,0,0.16
Brooklyn,Patrick O'Rourke Playground,12808,0,1.23
Brooklyn,Patrick Van Doren Pocket Park,0,0,0.04
Bronx,Patterson Playground,15109,0,2.37
Queens,Paul Raimonda Playground,10676,0,1.31
Bronx,Peace Park,5581,0,0.14
Manhattan,Peaceful Valley Garden,4,0,0.05
Manhattan,Peachtree Garden,199,0,0.12
Manhattan,Pearl St Playground,6251,0,0.16
Manhattan,Peck Slip,1339,0,0.19
Bronx,Pelham Bay Little League,2331,0,1.26
Bronx,Pelham Bay Park,722513,0,2771.75
Bronx,Pelham Parkway,35313,0,108.91
Brooklyn,Pena Herrera Playground,42140,0,0.74
Manhattan,Penn SouthPlayground,9986,0,0.6
Brooklyn,Penn Triangle,5829,0,0.18
Bronx,People's Park,13793,0,1.39
Manhattan,Peretz Square,3102,0,0.19
Queens,Peter Chahales Park,15457,0,0.07
Manhattan,Peter Detmold Park,8390,0,0.59
Manhattan,Peter Minuit Playground,16927,0,0.94
Queens,Peters Field,25068,0,2.87
Manhattan,Petrosino Square,5202,0,0.05
Brooklyn,Pfc Norton Playground,23172,0,0.55
Queens,"Phil ""Scooter"" Rizzuto Park",84056,0,4.35
Bronx,Phyllis Post Goodman Park,728,0,0.5
Manhattan,Pier 107 Cvii,8138,0,0.36
Manhattan,Pier 42,0,0,7.23
Brooklyn,Pierrepont Playground,31054,0,0.5
Queens,Pigeon Paradise,22211,0,0.07
Brooklyn,Pink Playground,25381,0,1.
Queens,Pinocchio Playground,4508,0,0.89
Brooklyn,Pirates Cove Garden,0,0,0.03
Queens,Planeview Park,3040,0,1.04
Queens,Plaut Triangle,1810,0,0.25
Manhattan,Playground 103 Ciii,6009,0,1.05
Queens,Playground 115,1184,0,0.29
Bronx,Playground 174,27518,0,1.
Brooklyn,Playground 286,24151,0,0.87
Bronx,Playground 52 Lii,9883,0,1.79
Queens,Playground Eighty Lxxx,10660,0,1.35
Manhattan,Playground Eighty Nine Lxxxix,10844,0,0.4
Queens,Playground Ninety,22256,0,1.25
Manhattan,Playground Of The Americas,5414,0,0.08
Manhattan,Playground One,5482,0,0.44
Queens,Playground One Forty,8310,0,1.37
Bronx,Playground One Thirty Four Cxxxiv,7548,0,1.95
Manhattan,Playground One Twenty Five Cxxv,11254,0,1.69
Queens,Playground Seventy Five,17725,0,0.75
Queens,Playground Sixty Two Lxii,25192,0,1.48
Queens,Playground Thirty Five Xxxv,6073,0,0.22
Queens,Playground Twenty One,3872,0,1.44
Manhattan,Plaza Lafayette,1781,0,0.09
Manhattan,Pleasant Park Garden,0,0,0.12
Staten Island,Pleasant Plains Plaza,52,0,0.05
Manhattan,Pleasant Village Community Garden,0,0,0.38
Bronx,Plimpton Playground,12341,0,1.
Bronx,Poe Park,58876,0,2.33
Queens,Police Officer Edward Byrne Park,74787,0,4.97
Queens,Police Officer Nicholas Demutiis Park,41468,0,1.15
Queens,Pomonok Playground,34889,0,3.6
Brooklyn,Ponderosa Garden,0,0,0.19
Bronx,Pontiac Playground,10931,0,0.91
Manhattan,Poor Richard's Playground,50129,0,1.58
Queens,Poppenhusen Park,1359,0,0.05
Queens,Poppenhusen Playground,14255,0,1.14
Brooklyn,Poseidon Playground,19348,0,2.94
Brooklyn,Positive Seeds Of Life Garden,0,0,0.11
Brooklyn,Potomac Playground,28936,0,1.32
Brooklyn,Powell Playground,7660,0,1.02
Brooklyn,Powell Street Livonia Garden,0,0,0.46
Queens,Powell's Cove Park,10088,0,55.02
Brooklyn,Power Playground,8994,0,2.3
Staten Island,Prall Playground,9626,0,1.31
Staten Island,Pralls Island,0,0,107.51
Brooklyn,Pratt Playground,48189,0,0.92
Brooklyn,President Street Garden,0,0,0.05
Brooklyn,Preston Community Garden,0,0,0.06
Bronx,Printers Park,13348,0,1.34
Queens,Private William Gray Playground,2578,0,0.07
Queens,Proctor-Hopson Circle,1001,0,0.13
Queens,Project Eden,234,0,0.11
Brooklyn,Project Roots,142,0,0.17
Brooklyn,Prophecy Garden,611,0,0.09
Queens,Prospect Cemetery,260,0,3.5
Brooklyn,Prospect Park,1173653,1942874,540.51
Bronx,Prospect Playground,4532,0,1.44
Brooklyn,Public Place,6359,0,0.11
Manhattan,Pueble Unido Garden,0,0,0.05
Bronx,Pugsley Creek Park,22793,0,83.62
Bronx,Pulaski Park,9239,0,1.45
Brooklyn,Pulaski Playground,22609,0,1.42
Brooklyn,Purple Playground,8878,0,0.71
Brooklyn,Pvt. Sonsire Triangle,28652,0,0.04
Brooklyn,Quaker Parrot Park At The Dust Bowl,14769,0,1.65
Bronx,Quarry Ballfields,30949,0,4.42
Queens,Queens Farm Park,3982,0,47.08
Queens,Queens Valley Playground,12552,0,0.88
Queens,Queens Village Veterans Plaza,4482,0,0.32
Manhattan,Queensboro Oval,4629,0,1.24
Queens,Queensbridge Park,120887,5500,20.34
Queens,Quick Brown Fox Triangle,403,0,0.07
Queens,Rafferty Triangle,2661,0,0.1
Bronx,Railroad Park (Bronx),13117,0,0.73
Queens,Railroad Park (Queens),8536,0,16.44
Brooklyn,Railroad Playground,29912,0,2.3
Bronx,Rainbow Garden,0,0,0.17
Brooklyn,Rainbow Playground,16468,0,0.46
Queens,Rainey Park (Queens),24549,0,8.09
Manhattan,Ralph Bunche Park,10252,0,0.42
Queens,Ralph Demarco Park,10402,0,5.82
Manhattan,Ramon Aponte Park,5410,0,0.17
Bronx,Ranaqua Playground,6951,0,0.97
Bronx,Randall Playground,8174,0,1.
Manhattan,Randall's Island Park,358809,0,256.11
Bronx,Raoul Wallenberg Forest,3722,0,4.73
Brooklyn,Rappaport Playground,23300,0,1.15
Queens,Ravenswood Playground,18340,0,2.76
Brooklyn,Raymond Bush Playground,50690,0,1.8
Queens,Real Good Playground,45559,0,1.6
Manhattan,Recreation Center 54,1625,0,0.17
Brooklyn,Red Gate Garden,0,0,0.1
Brooklyn,Red Hook Recreation Area,190519,0,58.5
Brooklyn,Red Shed Garden,0,0,0.12
Queens,Redfern Playground,84979,0,2.09
Queens,Reiff Playground,27987,0,1.53
Queens,Remsen Family Cemetery,1900,0,0.25
Brooklyn,Remsen Playground,10048,0,1.33
Manhattan,Renaissance Playground,42955,0,1.34
Bronx,Rev J Polite Playground,15178,0,1.82
Bronx,Rev Lena Irons Unity Park,8073,0,0.34
Manhattan,Rev. Linnette C Williamson Memorial Park,0,0,0.11
Manhattan,Richard Tucker Park,925,0,0.05
Bronx,Richman (Echo) Park,38427,0,4.39
Staten Island,Richmond Parkway,225527,0,1884.95
Staten Island,Richmond Terrace Cemetery,0,0,0.12
Staten Island,Richmond Terrace Storehouse,0,0,0.96
Staten Island,Richmond Terrace Wetlands,5226,0,11.19
Bronx,Rienzi Playground,20777,0,1.23
Bronx,Risse Street Park,6111,0,0.81
Bronx,Rita Ley Triangle,2907,0,0.12
Bronx,River Avenue Parks,27064,0,0.67
Bronx,River Garden,208,0,0.44
Bronx,Riverbend Playground,9605,0,0.64
Bronx,Riverdale Park,2874,0,144.29
Bronx,Riverdale Playground,9487,0,2.58
Manhattan,Riverside Park,724119,1370333,260.44
Manhattan,Riverside Park South,85284,195201,66.69
Brooklyn,Robert E. Venable Park,48681,0,2.94
Manhattan,Robert L. Clinkscales Playground And Community Garden,15702,0,0.44
Manhattan,Robert Moses Playground,11679,0,1.09
Brooklyn,Roberto Clemente Ballfield,7575,0,1.93
Queens,Rochdale Park,61379,0,8.83
Bronx,Rock Garden Park,21744,0,0.98
Queens,Rockaway Beach And Boardwalk,401476,0,1098.91
Queens,Rockaway Community Park,15255,0,255.4
Queens,Rockaway Freeway,11125,0,9.4
Queens,Rockaway Garage,20375,0,1.29
Queens,Rocket Playground,20447,0,1.05
Brooklyn,Rodney Park Center,7919,0,0.24
Brooklyn,Rodney Park North,8766,0,0.37
Brooklyn,Rodney Park South,11487,0,0.39
Brooklyn,Rodney Playground Center,10713,0,0.19
Brooklyn,Rodney Playground North,18612,0,0.29
Brooklyn,Rodney Playground South,14534,0,0.32
Brooklyn,Roebling Playground,33142,0,1.23
Manhattan,Roger Morris Park,18219,0,1.52
Brooklyn,Rolph Henry Playground,29607,0,0.21
Manhattan,Roosevelt Triangle,5536,0,0.07
Queens,Rory Staunton Field,7113,0,0.57
Bronx,Rose Hill Park,23139,0,0.75
Queens,Rosemary's Playground,29597,0,1.97
Queens,Roy Wilkins Recreation Center,87689,0,60.35
Brooklyn,Rudd Playground,15453,0,1.28
Queens,Rufus King Park,101022,0,11.5
Queens,Ruoff Triangle,1482,0,0.05
Manhattan,Ruppert Park,13777,0,1.
Brooklyn,Russell Pedersen Playground,31305,0,1.37
Queens,Russell Sage Playground,31896,0,1.53
Bronx,Ryan Triangle,3171,0,0.22
Queens,Sabba Park,3984,0,0.47
Manhattan,Sakura Park,4466,13331,2.07
Brooklyn,Sam Leggio Triangle,455,0,0.01
Brooklyn,Samuel Goldberg Triangle,1196,0,0.02
Bronx,Samuel H. Young Park,958,0,1.29
Manhattan,Samuel Marx Triangle,3432,0,0.03
Manhattan,Samuel N. Bennerson 2nd Playground,8247,0,0.75
Manhattan,Samuel Seabury Playground,95204,0,0.79
Brooklyn,Santos White Garden,0,0,0.14
Manhattan,Sara D. Roosevelt Park,121595,44000,7.85
Brooklyn,Saratoga Blake Garden,0,0,0.1
Brooklyn,Saratoga Park,62831,0,3.21
Brooklyn,"Saratoga Square Urban Renewal Area, Site 164",403,0,0.48
Brooklyn,Sarsfield Playground,19294,0,0.58
Queens,Saul Weprin Playground,9544,0,1.96
Staten Island,Saw Mill Creek Marsh,247,0,178.47
Bronx,Saw Mill Playground,3614,0,0.92
Brooklyn,Scarangella Park,17148,0,3.21
Brooklyn,Schenck Playground,16031,0,0.85
Manhattan,Schiff Mall,834,0,0.38
Staten Island,Schmul Park,51084,0,7.4
Bronx,Schneider Sampson Square,1348,0,0.09
Bronx,Schomberg Academy Garden,0,0,0.03
Bronx,Seabury Playground,5473,0,0.19
Queens,Seagirt Ave Wetlands,169,0,5.32
Queens,Sean's Place,9269,0,0.58
Queens,Seaside Playground,84234,0,1.14
Staten Island,Seaside Wildlife Nature Park,8964,0,20.91
Bronx,Sedgwick Playground,6773,0,1.05
Brooklyn,Seeley Park,8977,0,0.36
Manhattan,Septuagesimo Uno,14313,0,0.04
Queens,Sergeant Collins Triangle,6840,0,0.12
Queens,Sergeant Colyer Square,4832,0,0.1
Bronx,Sergeant Johnson Triangle,2045,0,0.74
Brooklyn,SethLow Playground/ Bealin Square,103878,0,4.95
Bronx,Seton Falls Park,24979,2000,35.77
Bronx,Seton Park,24919,0,11.69
Queens,Seven Gables Playground,4140,0,1.3
Manhattan,Seward Park,36053,2500,3.36
Brooklyn,Sgt. Joyce Kilmer Triangle,1560,0,0.
Brooklyn,Sgt. William Dougherty Playground,4932,0,0.76
Brooklyn,Sh'Ma Yisrael,0,0,0.15
Brooklyn,Sheepshead Bay Piers,8716,0,1.22
Brooklyn,Sheepshead Playground,22747,0,2.09
Manhattan,Sheltering Arms Playground,121446,0,1.43
Manhattan,Sheridan Square Viewing Garden,822,0,0.07
Bronx,Sheridan Triangle,1484,0,0.06
Manhattan,Sherman Creek,19494,0,15.38
Manhattan,Sherman Square,14024,0,0.07
Queens,Sherry Dog Run,1389,0,0.35
Brooklyn,Shield Of Faith,0,0,0.17
Brooklyn,Shiloh Garden,0,0,0.07
Staten Island,Shooters Island,0,0,34.69
Brooklyn,Shore Park And Parkway,140041,0,58.
Queens,Short Triangle,1391,0,0.01
Manhattan,Sidney Hillman Playground,3104,0,0.25
Staten Island,Siedenburg Park,4841,0,22.88
Manhattan,Siempre Verde Garden,0,0,0.06
Staten Island,Silver Lake Park,170185,0,205.98
Queens,Simeone Park,5782,0,1.78
Bronx,Siren Slope,3419,0,0.28
Queens,Sitting Area,5468,0,1.16
Brooklyn,Sitting Area,4342,0,0.93
Queens,Sitting Area,602,0,0.05
Queens,Sitting Area,494,0,0.09
Queens,Sitting Area 127 Cxxvii,674,0,0.17
Brooklyn,Sixteen Lindens Triangle,728,0,0.49
Queens,Sixteen Oaks Grove,2234,0,0.22
Brooklyn,Sixteen Sycamores Playground,38728,0,0.57
Staten Island,Skyline Playground,14421,0,2.06
Bronx,Slattery Playground,12647,0,0.91
Brooklyn,Sledge Playground,5385,0,0.33
Staten Island,Sleight Family Graveyard,0,0,0.23
Brooklyn,Slope Park Playground,19464,0,0.69
Staten Island,Snug Harbor Cultural Center,5973,0,83.3
Staten Island,Sobel Court Park,6013,0,1.14
Brooklyn,Sobel Playground,12629,0,0.14
Queens,Socrates Sculpture Park,3084,0,4.89
Queens,Sohncke Square,4432,0,0.04
Manhattan,Sol Bloom Playground,46481,0,0.84
Manhattan,Sol Lain Plgd,6736,0,0.89
Manhattan,Sophie Irene Loeb,3187,0,0.12
Queens,Sorrentino Recreation Center,7718,0,0.23
Bronx,Soundview Park,88617,0,205.31
Staten Island,SouthBeach Wetlands,689,0,5.19
Brooklyn,SouthBrooklyn Children's Garden,0,0,0.08
Bronx,SouthBrother Island,0,0,21.11
Staten Island,SouthClove Road Cemetery,806,0,0.3
Queens,Southern Fields,9995,0,5.59
Queens,SouthGate Mall,742,0,0.15
Brooklyn,SouthOxford Park,5468,0,1.19
Brooklyn,SouthPacific Playground,14840,0,2.26
Queens,SouthRochdale Playground,8521,0,0.94
Staten Island,SouthShore Country Club,13,0,173.99
Queens,Southside Burial Ground,6310,0,0.23
Bronx,Space Time Playground,29196,0,1.28
Queens,Spargo Park,429,0,0.38
Queens,Sparrow's Nest Community Garden,1941,0,0.21
Brooklyn,Spencer St Block Association,0,0,0.04
Brooklyn,Sperandeo Brothers Playground,49493,0,2.8
Queens,Spirit Playground,17059,0,0.79
Staten Island,Sports Park,30,0,4.65
Brooklyn,Spring Creek Park,5610,0,54.78
Queens,Spring Creek Park,5610,0,54.78
Brooklyn,Spring Creek Park,3020,0,42.58
Brooklyn,Spring Creek Park,0,0,2.2
Brooklyn,Spring Creek Park Addition,507,0,57.92
Queens,Spring Creek Park Addition,507,0,57.92
Queens,Springfield Park,51683,0,23.54
Queens,Springfield Park North,25809,0,1.05
Bronx,Spuyten Duyvil Playground,14294,0,1.51
Brooklyn,Squibb Park,143,0,0.63
Queens,St. Albans Park,52424,0,10.79
Brooklyn,St. Andrew's Playground,59184,0,3.38
Bronx,St. Ann's Block Association Garden,0,0,0.03
Manhattan,St. Catherine's Park,70871,0,1.38
Staten Island,St. George Park,52,0,0.09
Manhattan,St. Gregory's Playground,9870,0,0.23
Bronx,St. James Park,79959,0,11.39
Manhattan,St. James Triangle,2509,0,0.04
Brooklyn,St. John Cantius Parish,0,0,0.18
Brooklyn,St. John's Park,72857,0,9.34
Bronx,St. Lawrence Triangle,2582,0,0.14
Brooklyn,St. Mark's Block Association,0,0,0.21
Manhattan,St. Mark's Garden,0,0,0.1
Bronx,St. Mary's Park (Bronx),110849,3500,35.31
Brooklyn,St. Mary's Park,3316,3500,0.37
Brooklyn,St. Mary's Park,3104,3500,0.35
Queens,St. Michael's Park,17092,0,3.4
Queens,St. Michael's Playground,33982,0,5.43
Brooklyn,St. Nicholas - Olive St. Garden,0,0,0.09
Brooklyn,St. Nicholas - Powers St. Garden,0,0,0.12
Manhattan,St. Nicholas Miracle Garden,0,0,0.04
Manhattan,St. Nicholas Park,134684,0,22.74
Manhattan,St. Nicholas Playground North,18944,0,0.66
Manhattan,St. Nicholas Playground South,25898,0,0.67
Manhattan,St. Vartan Park,75908,0,2.76
Staten Island,Staats Circle,2617,0,0.28
Manhattan,Stanley Isaacs Playground,96324,0,1.23
Staten Island,Stapleton Esplanade,5239,0,2.58
Staten Island,Stapleton Playground,21806,0,4.1
Brooklyn,Star Spangled Playground,40006,0,1.69
Bronx,Starlight Park,29325,0,14.4
Queens,Starr Playground,8231,0,0.9
Bronx,Stars & Stripes Playground,22633,0,2.65
Brooklyn,Stars Of Hope,0,0,0.03
Staten Island,Staten Island Industrial Park,208,0,210.93
Bronx,Stebbins Playground,7062,0,0.83
Brooklyn,Steeplechase Park,7017,0,10.01
Queens,Steinmann Triangle,3674,0,0.21
Queens,Steinway Playground,7850,0,0.81
Brooklyn,Sterling Community Group,0,0,0.12
Brooklyn,Sternberg Park,79472,0,4.04
Brooklyn,Steuben Playground,7404,0,1.17
Brooklyn,Stockton Playground,13621,0,1.09
Bronx,Stop & Go Playground,2211,0,0.32
Bronx,Story Playground,28160,0,2.08
Manhattan,Straus Park,11318,0,0.07
Manhattan,Straus Square,3725,0,0.12
Queens,Strippoli Square,1106,0,0.06
Brooklyn,Stroud Playground,10743,0,1.19
Brooklyn,Student Farm Project,0,0,0.17
Queens,Studley Triangle,435,0,0.02
Manhattan,Stuyvesant Square,75675,0,3.93
Brooklyn,Success Garden,3975,0,0.92
Manhattan,Sugar Hill Garden,0,0,0.07
Brooklyn,Summit Street Community Garden,0,0,0.1
Brooklyn,Sumner Playground,5494,0,1.97
Brooklyn,Sumpter Community Garden,0,0,0.06
Brooklyn,Sunners Playground,11843,0,0.2
Queens,Sunrise Playground,3668,0,1.03
Queens,Sunset Cove Park,98,0,9.38
Brooklyn,Sunset Park,123099,1000,24.5
Brooklyn,Sunshine Community Garden,0,0,0.12
Manhattan,Sunshine Playground,17802,0,0.24
Brooklyn,Surf Playground,21888,0,0.93
Brooklyn,Surfside Garden,0,0,0.69
Brooklyn,Sutter Ballfields,6398,0,1.84
Manhattan,Sutton Parks,17296,0,0.85
Manhattan,Sutton Place Park,998,0,0.27
Staten Island,Sylvan Grove Cemetery,2968,0,2.48
Bronx,Synergi Urban Garden Ucfp,0,0,0.34
Brooklyn,Taaffe Playground,18285,0,1.82
Queens,Tall Oak Playground,5259,0,1.48
Manhattan,Tanahey Playground,7796,0,1.25
Staten Island,Tappen Park,8472,0,1.78
Bronx,Taqwa Community Farm,507,0,0.49
Staten Island,Targee Street Triangle,0,0,0.21
Bronx,Taylor Playground,13895,0,1.58
Bronx,Taylor-Soundview Block Assoc. Garden,0,0,0.13
Queens,Technical Sergeant Thomas J. Davey Triangle,2377,0,0.13
Manhattan,Tecumseh Playground,37376,0,0.74
Queens,Telephone Playground,13494,0,1.06
Brooklyn,Ten Eyck Houses Garden,0,0,0.11
Brooklyn,Ten Eyck Playground,4464,0,1.
Brooklyn,Ten Eyck Plaza,5745,0,0.46
Queens,Tepper Triangle,312,0,0.2
Staten Island,Terrace Playground,13993,0,1.92
Brooklyn,The Amazing Garden,0,0,0.1
Brooklyn,The Backyard,0,0,0.23
Manhattan,The Battery,45736,1358909,21.88
Staten Island,The Big Park,6663,0,3.01
Manhattan,The Creative Little Garden,5,0,0.06
Brooklyn,The Cyclone,0,0,1.17
Brooklyn,The Feeding Tree,0,0,0.04
Manhattan,The High Line,69907,0,6.73
Queens,The Olde Towne Of Flushing Burial Ground,11539,0,3.47
Queens,The Painter's Playground,21748,0,1.7
Bronx,The Pearly Gates,41835,0,0.66
Manhattan,The Public Theater,1149,0,0.72
Manhattan,The Queen Elizabeth II September 11th Garden,7914,0,0.12
Manhattan,The Secret Garden,5,0,0.05
Manhattan,Theodore Roosevelt Park,70319,0,17.58
Brooklyn,Thomas Boyland Park,16385,0,1.82
Brooklyn,Thomas Greene Playground,147296,0,2.53
Brooklyn,Thomas J. Cuite Park,9019,0,0.49
Manhattan,Thomas Jefferson Park,108312,0,15.52
Manhattan,Thomas Paine Park,61661,0,1.88
Bronx,Thorpe Family Playground,5424,0,0.2
Bronx,Throgs Neck Park,0,0,0.44
Queens,Thursby Basin Park,0,0,1.66
Bronx,Tiffany Playground,19244,0,1.21
Bronx,Tiffany Street Pier,0,0,4.23
Brooklyn,Tiger Playground,20366,0,0.93
Brooklyn,Tilden Playground,22972,0,1.19
Brooklyn,Tlc Sculpture Park Garden,0,0,0.17
Brooklyn,Todd Triangle,9436,0,0.04
Brooklyn,Tom Mcdonald Triangle,1473,0,0.03
Manhattan,Tompkins Square Park,54270,5000,10.5
Staten Island,Tompkinsville Park,10099,0,0.42
Manhattan,Tony Dapolito Recreation Center,9321,2500,0.21
Queens,Torsney Playground,56161,0,2.03
Staten Island,Tottenville Pool,35486,0,3.26
Staten Island,Tottenville Shore Park,117,0,9.18
Bronx,Townsend Garden,0,0,0.15
Bronx,Townsend Walk,3250,0,0.04
Manhattan,Tramway Plaza,4913,0,0.45
Brooklyn,Tranquility Farm,0,0,0.12
Queens,Travers Park,39034,0,1.92
Queens,Travis Triangle,930,0,0.22
Bronx,Tremont Park,109960,0,15.
Bronx,Triangle,481,0,0.05
Brooklyn,Triangle,455,0,0.02
Brooklyn,Triangle,364,0,0.02
Queens,Triangle 90,1031,0,0.01
Brooklyn,Triangle Three Sixteen,2522,0,0.28
Manhattan,Tribeca Dog Run,993,0,0.1
Manhattan,Tribeca Park,5084,0,0.32
Manhattan,Triboro Plaza,5856,0,2.3
Queens,Triborough Bridge Playground B,16215,0,1.3
Queens,Triborough Bridge Playground C,6946,0,0.46
Queens,Triborough Bridge Playground D,1755,0,0.46
Queens,Triborough Bridge Playground E,780,0,0.46
Queens,Tribute Park,4026,0,0.83
Brooklyn,Trinity Park,6625,0,6.3
Queens,Trolley Car Triangle,1150,0,0.03
Manhattan,Truce Garden,0,0,0.12
Brooklyn,Trust Triangle,1300,0,0.08
Manhattan,Trygve Lie Plaza,6831,0,0.1
Brooklyn,Tucker Place,3502,0,0.16
Manhattan,Tudor Grove Playground,14433,0,0.42
Queens,Tudor Malls,4394,0,0.14
Queens,Tudor Park,48642,0,13.54
Queens,Turtle Playground,2348,0,0.48
Manhattan,Twenty-Four Sycamores Park,64216,0,0.62
Queens,Two Coves Community Garden,3252,0,0.78
Queens,Udall's Park Preserve,6126,0,44.07
Brooklyn,Umma Park,7768,0,0.23
Brooklyn,Umoja Garden,0,0,0.21
Queens,Underbridge Dog Run,2599,0,0.46
Brooklyn,Underhill Playground,25234,0,0.59
Brooklyn,Underwood Park,42328,0,1.19
Manhattan,Union Square Park,469112,11000,6.51
Manhattan,United Block Association Garden,0,0,0.08
Brooklyn,United Community Center Garden,0,0,0.53
Brooklyn,United Community Centers - E New York Farms Project,0,0,0.55
Brooklyn,United Community Centers YouthFarm,0,0,0.14
Bronx,United We Stand Garden,0,0,0.34
Manhattan,Unity Gardens,0,0,0.13
Bronx,University Malls,5183,0,0.74
Brooklyn,University Place,420,0,1.16
Bronx,University Woods,6161,0,3.31
Brooklyn,Upon This Rock Comm Garden,0,0,0.08
Manhattan,Urban Botanical Soc./Sam And Sadie Koenig Garden,5,0,0.03
Queens,Utopia Playground,11846,0,2.98
Bronx,Valentine Varian House,873,0,0.46
Brooklyn,Valentino Pier,10730,56000,4.53
Manhattan,Vamos Sembrar,5,0,0.02
Queens,Van Alst Playground,14408,0,1.03
Bronx,Van Cortlandt Park,549162,116477,1146.43
Bronx,Van Cortlandt's Tail,3830,0,0.35
Brooklyn,Van Dyke Playground,12440,0,1.4
Bronx,Van Nest Park,7613,0,0.4
Brooklyn,Van Voorhees Playground,43951,0,5.74
Manhattan,Verdi Square,35472,0,0.1
Queens,Vernam Barbadoes Peninsula,0,0,27.48
Queens,Vernon Mall,2691,0,0.14
Brooklyn,Vernon New Harvest,0,0,0.17
Brooklyn,Vernon Tandt Block Association,0,0,0.15
Brooklyn,Vernon/Throop Ave Block Association,0,0,0.04
Manhattan,Vesuvio Playground,17675,0,0.64
Queens,Veteran's Square,21450,0,0.1
Queens,Veterans Grove,7786,0,0.63
Staten Island,Veterans Park,10144,0,1.32
Queens,Veterans Plaza,3964,0,0.09
Brooklyn,Veterans Triangle,4693,0,0.03
Queens,Veterans' Circle,2002,0,0.1
Brooklyn,Victory Garden,0,0,0.05
Brooklyn,Victory Garden's Group,0,0,0.06
Bronx,Vidalia Park,25416,0,2.14
Manhattan,Vietnam Veterans Plaza,1069,0,0.73
Manhattan,Vincent F. Albano Jr. Playground,11265,0,0.35
Brooklyn,Vinegar Hill Community Garden,9,0,0.06
Bronx,Vinmont Veteran Park,15599,0,3.5
Bronx,Virginia Park,28755,0,0.92
Bronx,Virginia Playground,30090,0,0.46
Queens,Vito Locascio Field,22473,0,3.26
Manhattan,Vladeck Park,0,0,0.79
Queens,Vleigh Playground,31507,0,2.24
Bronx,Vogue Garden,130,0,0.05
Bronx,Volky Garden & Flowers,0,0,0.11
Staten Island,Von Briesen Park,5455,0,13.94
Manhattan,W 104th Street Garden,0,0,0.38
Manhattan,W 124th Street Community Garden,0,0,0.05
Manhattan,W 87th Street Garden,0,0,0.1
Manhattan,W. 111th St. Harlem Garden,234,0,0.12
Manhattan,Wagner Houses Pool,19226,0,1.64
Manhattan,Wagner Playground,9104,2500,1.27
Bronx,Wakefield Playground,18484,0,1.1
Manhattan,Wald Playground,6182,0,0.53
Staten Island,Walker Park,28768,0,5.28
Brooklyn,Walt L Shemal Garden,0,0,0.15
Brooklyn,Walt Whitman Park,8841,0,2.91
Manhattan,Walter Miller Iii Memorial Garden,0,0,0.02
Queens,Walter Ward Playground,10629,0,0.94
Bronx,Walton Park,6484,0,0.34
Bronx,Walton Slope,1686,0,0.55
Bronx,Walton Walk,3224,0,0.04
Manhattan,Wards Island Park,93184,0,176.58
Brooklyn,Warwick Street Greenery Glow Garden,0,0,0.04
Brooklyn,Washington Hall Park,49094,0,0.9
Manhattan,Washington Market Park,109883,0,2.15
Brooklyn,Washington Park (Brooklyn),28978,0,1.55
Bronx,Washington Park (Bronx),6677,0,0.52
Manhattan,Washington Square Park,222443,461502,9.75
Bronx,Washington's Walk,39578,0,4.64
Bronx,Waterfront Garden,0,0,0.27
Bronx,Watson Gleason Playground,47439,0,3.3
Bronx,Wave Hill,0,0,20.87
Queens,Wayanda Park,23599,0,2.55
Bronx,Webster Playground,24675,0,0.74
Brooklyn,Weeksville Playground,4366,0,0.3
Staten Island,Wegener Park,481,0,3.46
Brooklyn,Welcome Home Garden,0,0,0.06
Queens,Wellbrock Triangle,2711,0,0.01
Manhattan,West 111th St. People's Garden,120,0,0.11
Manhattan,West 186th Street Basketball Court,5554,0,0.12
Manhattan,West 4th Street Courts,7427,0,0.42
Bronx,West Bronx Recreation Center,11572,0,1.88
Bronx,West Farms Rapids,3187,0,1.02
Bronx,West Farms Soldiers Cemetery,455,0,0.68
Manhattan,West Harlem Piers,46157,0,4.71
Brooklyn,West Playground,16189,0,2.39
Queens,Westbourne Playground,80837,0,1.13
Staten Island,Westerleigh Park,14194,0,2.89
Staten Island,Westwood Park,2548,0,6.56
Bronx,Whalen Grove,9655,0,0.13
Bronx,Whalen Playground,2196,0,0.33
Staten Island,White Park,7159,0,0.92
Manhattan,White Playground,11710,0,0.68
Queens,Whitefish Triangle,3075,0,0.19
Queens,Whitestone Playground,22620,0,1.48
Queens,Whitey Ford Field,9976,0,3.62
Queens,Willets Point Playground,3117,0,1.15
Manhattan,William B. Washington Memorial Garden,0,0,0.08
Queens,William F Moore Park,8122,0,0.23
Manhattan,William F. Passannante Ballfield,4312,0,0.61
Manhattan,William Mccray Playground,7651,0,0.46
Brooklyn,William Sheridan Playground,12404,0,1.17
Queens,William Simmons Community Garden Club,1069,0,0.6
Bronx,Williamsbridge Oval,101609,0,19.75
Bronx,Williamsbridge Square,31461,0,1.4
Bronx,Willis Playground,13995,0,1.88
Brooklyn,Willoughby Playground,28642,0,0.91
Queens,Willow Lake Playground,21828,0,1.28
Brooklyn,Wilson Playground,9722,0,1.72
Queens,Windmill Community Garden,0,0,0.06
Brooklyn,Wingate Park,77532,0,5.89
Brooklyn,Winthrop Playground,31043,0,1.25
Brooklyn,Wnyc Transmitter Park,13296,0,6.61
Manhattan,Wnyc Transmitter Park,13296,0,6.61
Staten Island,Wolfe's Pond Park,111649,0,302.69
Bronx,Wood Park,4126,0,0.19
Bronx,Woodrow Wilson Triangle,468,0,0.1
Brooklyn,Woodruff Playground,13390,0,0.54
Brooklyn,Woods Playground,46784,0,1.44
Queens,Woodtree Playground,13834,0,1.03
Bronx,Woodycrest Community Garden,65,0,0.01
Manhattan,WorthSquare,2002,0,0.27
Manhattan,Wright Brothers Playground,32179,0,0.58
Brooklyn,Yak Playground,19507,0,0.44
Bronx,Yankee Stadium Garages/Lots,0,0,9.49
Queens,Yellowstone Park,27775,0,1.75
Bronx,Young Park,2620,0,0.44
Bronx,YouthVillage,10831,0,0.27
Manhattan,Yu Suen Garden,5,0,0.06
Bronx,Zimmerman Playground,30478,0,0.97
Brooklyn,Zion Triangle,7687,0,0.21